snp,beta_F,se_F,p_F,beta_M,se_M,p_M,z_diff,p_diff
rs1000219,-0.3570317584657957,0.16810801066486544,0.03368489776669471,0.49774127193408796,0.19645928729641746,0.011291060523149153,-3.305817043175835,0.0009469990067672018
rs1000281,0.20529831275442342,0.061640137620394476,0.000866606951270821,-0.04851319422496016,0.07246349178506008,0.5031863799210717,2.6679389047067374,0.007631813461355996
rs1000415,-0.10141142927711301,0.06778969049704653,0.13466114256250164,0.17168262227323355,0.08227142359510184,0.036907738985658724,-2.5618049979096056,0.010412976616408942
rs1000218,-0.07126418621829186,0.06491778978144622,0.27230907812028604,0.16968252665105948,0.07594617660837462,0.025466817353943273,-2.411621527758349,0.015881758039151483
rs1000007,-0.037340892274513565,0.12059663717812354,0.7568388367119185,0.4026073837223963,0.1383119614325013,0.003604302439414311,-2.397484975308674,0.01650805797597754
rs1000491,0.03478500562539536,0.06642871816841182,0.6005261099872449,0.2772714630491238,0.07651558718801282,0.0002903901102183772,-2.393079041267044,0.016707641354536396
rs1000225,-0.13628709825328597,0.08267387685288818,0.09925206435493984,0.16008263612384493,0.09338292486663399,0.0864809399890194,-2.3762607188182057,0.01748910048782193
rs1000367,0.06174131996382453,0.06932964178945014,0.3731721236376413,0.3125326056388516,0.08020396479293276,9.750317290241621e-05,-2.365610772571087,0.018000357516786414
rs1000486,-0.056044999615009486,0.05990388875153821,0.3494884494986181,0.16534164990540734,0.07235959920473682,0.02231285553664278,-2.3567262691019666,0.018436831668972475
rs1000487,-0.15229891202585097,0.07088349331710393,0.03166764586532334,0.10487181700141669,0.08308454177173762,0.20686596805567004,-2.35475988383771,0.01853467806917064
rs1000161,0.12127786721441744,0.06279912207564384,0.05345792508345574,-0.10131085585356615,0.07537893772321505,0.1789416794770332,2.2687502043778394,0.023283520689710402
rs1000315,0.160193304245417,0.07968273136934804,0.04439001041933861,-0.11452430536703682,0.09263369434252455,0.2163419807386887,2.2482865608914837,0.024557923111011126
rs1000372,-0.10063199516392528,0.09220439687405133,0.27509635710287506,0.21608724724497513,0.10901404404976378,0.047457261829984825,-2.2182551644001802,0.026537439349306524
rs1000438,-0.1381711392952248,0.062218630392789985,0.0263688618660799,0.07679460353486818,0.07465592689180364,0.30364553129655836,-2.211953371871477,0.026969886901585083
rs1000437,0.20194515425235887,0.06389847921379943,0.0015754928763349262,-0.01692405230081448,0.07599612148326719,0.8237719095771412,2.2043516175563442,0.027499625455493337
rs1000480,-0.055739964255116944,0.0694872686961318,0.42245993851615904,0.17959360468575042,0.08363310241007431,0.03176156424803777,-2.1643150085062226,0.030440181645192688
rs1000394,-0.06028544470183967,0.06298834065187252,0.33852236139543135,0.1468764995427816,0.07316134546661392,0.0446890382751776,-2.1458500816942148,0.03188494149800447
rs1000177,-0.09237971243308551,0.06766331162789234,0.17216345440395275,0.13353067029498472,0.08111040873782836,0.09970555027227036,-2.13874078446799,0.032456667591967525
rs1000302,0.15178263346882825,0.06642173239572609,0.022304906030939667,-0.06491664701065365,0.07678249474095063,0.3978531918097601,2.1344350587185796,0.03280718431365148
rs1000074,-0.05171965908058093,0.06647857059865996,0.4365749445148812,0.16782219872878892,0.07869307848181642,0.03295615575391727,-2.1311729483427446,0.03307489674354103
rs1000059,-0.09144819425489942,0.07201918179335523,0.20416460184419027,0.14174767442966307,0.08576343046417086,0.0983766148547466,-2.08226130325981,0.037318608460970015
rs1000468,0.04643503081621761,0.08747194971493806,0.5955184001632492,-0.24151622480286664,0.11023122720783646,0.0284520511131366,2.0462634063971366,0.04073046196290275
rs1000105,0.13772775636068688,0.07023542491911425,0.04988552047713726,-0.0849140246848125,0.08583297173412013,0.3225194285105728,2.0074677142160775,0.04469988502562772
rs1000208,0.10417632696372334,0.05998744910647888,0.08245154901055723,-0.08158920632776916,0.07196654457559491,0.25691612566307176,1.9827836372461312,0.04739160250964436
rs1000023,-0.041146065240846165,0.06116766804629351,0.5011529923791943,0.14445899507133717,0.07134486094758301,0.04288801937489135,-1.975016762826616,0.048266245748166625
rs1000322,-0.0756798108776552,0.060578189686581144,0.21155851543884585,0.11122799108938701,0.07342699993339838,0.12982039855298336,-1.9635120926429481,0.0495867007581654
rs1000202,-0.06446289759334126,0.06486349036850544,0.32030852858784,0.13426763974603423,0.07782906751456804,0.08449853643626516,-1.9615203918543767,0.04981834860998724
rs1000293,0.12718913061150505,0.06267088500336701,0.042409711572040015,-0.058208454009496036,0.07340859133548236,0.42781400648058776,1.9207842419581067,0.054758913909149776
rs1000266,-0.018328513775486187,0.07122739144356591,0.7969287047097564,0.19284162424948387,0.0846905094264701,0.022785284821181195,-1.9082642000665482,0.056357077590410976
rs1000428,0.07832807122852192,0.0603039505258381,0.193982405230665,-0.09816246199027617,0.07264053824789854,0.17658479417979867,1.8694086261020046,0.06156598537522906
rs1000472,0.1372608081782254,0.06072501746650929,0.023798500588688938,-0.03835995695337184,0.07210462394450726,0.5947231425366339,1.8629789072325746,0.062465233890126814
rs1000476,-0.10048663472269624,0.065478584110643,0.12487010298108327,0.08778220536048852,0.0772565324238406,0.2558548182695697,-1.8590415034813197,0.06302125573625927
rs1000499,-0.06957774746454959,0.06219583037480269,0.26327314026740267,0.10806192733452884,0.07292053489771953,0.13836330428907256,-1.853460062778708,0.06381644531449715
rs1000391,-0.09975360312476654,0.06696309968201086,0.13630834554233737,0.08996326980667207,0.07785522496533788,0.24787754597893685,-1.8474492559921853,0.06468205606931643
rs1000444,-0.12567483212484587,0.06799439338960296,0.06455726564864747,0.06776205490849121,0.08001876263098862,0.3970915131937437,-1.8421524828289484,0.06545284872620583
rs1000037,-0.11501143602202532,0.06377356573917542,0.07132003455761982,0.06906786043197452,0.077249848159715,0.37127689949202614,-1.8376160168963898,0.06611900695633288
rs1000076,0.020188863225660218,0.07276174786530541,0.7814228148557151,-0.18847011432637853,0.08739939527269375,0.031050607325536033,1.8347997594415608,0.06653536428955764
rs1000386,-0.1302439239431584,0.08614682851592266,0.13056363420819406,0.11080804018919936,0.09923655099760283,0.26416320471957255,-1.8343193746983044,0.06660659981158057
rs1000358,0.1056693131992624,0.0652302147228827,0.10524424686158264,-0.07386445629524167,0.07445809452859929,0.3211842488119595,1.8136585175588444,0.06973031527320295
rs1000131,-0.017363705680366513,0.07613266103211745,0.8195904978691952,0.19226327251448608,0.08739257776913331,0.027807218611668356,-1.808632142441432,0.07050817148957655
rs1000383,0.1756531689975237,0.08155235249527922,0.03125036482541189,-0.05351697022663593,0.09757168583134689,0.5833563643412951,1.8021432955080117,0.07152286342046543
rs1000230,0.037684189199326694,0.2240558018609808,0.866432951427849,0.6200476579686298,0.23296271811667246,0.007777609952382746,-1.8017430665987457,0.07158583891688863
rs1000215,-0.08663610177290537,0.0638793803332346,0.17502117083913027,0.08775007960300123,0.07535569177068126,0.24423016919189466,-1.7652579399051505,0.07752042488319466
rs1000222,-0.09961273497884647,0.07864285062936992,0.20528151993729316,0.11260702414628855,0.09193083140400203,0.22060901151632828,-1.7541833200144439,0.07939910038418363
rs1000002,0.00701796480688212,0.0701538573023205,0.9203151390489663,0.1950545593076932,0.0829372911810072,0.018681219917352603,-1.7310055751637876,0.0834507701053322
rs1000326,0.10992374001554422,0.0984786545219643,0.26432842633605536,0.37509230615481604,0.11771432509315097,0.0014402405768848545,-1.7277590653597292,0.08403142913040917
rs1000102,-0.1334368568718175,0.06313441572799787,0.03455492199553171,0.0374073898990876,0.07702395146040583,0.627208822548171,-1.7154348030128883,0.08626553913849322
rs1000320,0.1674063167187016,0.06312806002328085,0.008005145548530612,-0.0013585212557533943,0.07668888802427523,0.98586644722737,1.6990414844683586,0.08931136746529433
rs1000145,0.16455728301474914,0.09694842666933559,0.08962686308712459,-0.08649332733261596,0.1131135287048067,0.44447436535224305,1.6851817255293686,0.09195351572087573
rs1000039,-0.09594701349479735,0.06053523569295817,0.11297134525805522,0.06297672282282066,0.07331281020218741,0.3903328486973676,-1.6715592589965087,0.09461126418412946
rs1000420,-0.08792799952991821,0.0691887073545308,0.2037844300931606,0.08492735893827391,0.08202505588553217,0.30049002192308427,-1.6108212463842917,0.10721868887702546
rs1000388,-0.12396373939569805,0.0927402093604163,0.18132797096362863,0.11144463338758519,0.11333839004443681,0.3254641753942322,-1.6074791235584263,0.10794930537012903
rs1000297,0.14467686558636,0.14806067637608591,0.3284969845736133,-0.21599582856039976,0.1687606462643358,0.20058223057043312,1.606530087693903,0.10815748959731031
rs1000216,-0.17038331707029622,0.0780628066182038,0.029062036308419185,0.020366325045637384,0.09087554906434347,0.8226699498683637,-1.59222701888855,0.11133370437208989
rs1000178,0.08894470969989021,0.07276196773829142,0.2215539040705552,-0.09046596361505335,0.0861886078285301,0.29388924486819823,1.5905864050274336,0.11170268602221434
rs1000061,0.05206031969807186,0.06432119851439146,0.4182963519284525,-0.1065132407227459,0.07691309519965196,0.16609777844505524,1.5815625587486157,0.11374946702929156
rs1000260,0.04140880281231862,0.06643822872662156,0.5331086117916777,-0.12152988184023586,0.08011447642190597,0.12927859344893208,1.565534028692819,0.11745774494174621
rs1000139,-0.2132163459720706,0.07585960067243978,0.004943837842940892,-0.0324877834829752,0.08705832709892201,0.7090199773397141,-1.5651260347050526,0.1175533601645542
rs1000155,-0.07631767158298143,0.07920374419118985,0.33526586100634503,0.11414563717735447,0.09306994363371436,0.22002936066939716,-1.5584939212898574,0.11911620785580435
rs1000113,0.010371256143693977,0.06784378925879905,0.8785010723800972,0.1716998200847195,0.07952895952047931,0.030853292126781263,-1.5432922485940705,0.12275988350271061
rs1000280,0.08165610396802593,0.07066285979685633,0.24785579300973748,-0.08516466167098724,0.08537557577402083,0.31850752649396674,1.5052599972854863,0.1322572454275186
rs1000248,0.03666150084423799,0.07542325761945273,0.6269126669226404,-0.14155756714452214,0.09148113159180385,0.12176770605201623,1.503144247679216,0.13280185073327244
rs1000192,-0.04413985154543429,0.06510111453076636,0.49775907206601,0.1064497486827264,0.07737088741600859,0.16887202720672723,-1.4892783164676138,0.13641409517904202
rs1000205,-0.22422122922120852,0.1125098256814287,0.04627201127163666,0.03833255581662219,0.13596174499585117,0.7779923293954359,-1.487752507606014,0.13681617460608964
rs1000186,-0.11903218502320823,0.09974698564220431,0.23273578304899856,0.10520810297356598,0.11303710110317704,0.35198829515772934,-1.4874557157836594,0.13689449097331785
rs1000228,0.027948494026092934,0.12952626216216295,0.8291633481803351,-0.2820421125225405,0.16601335616347182,0.08933573207413903,1.472187062100459,0.14097037018813396
rs1000146,-0.09758739167032415,0.06667573866390483,0.14330007205820466,0.05700859234354987,0.08114615333734908,0.4823411304798828,-1.4719854444549365,0.1410248082045269
rs1000001,-0.14542270702688806,0.06213484670071178,0.01926117709543938,-0.004523971053704626,0.07371740299893509,0.9510652565116491,-1.4614451631109828,0.14389331415962703
rs1000450,-0.026361367530390842,0.06511087338470038,0.6855738815507066,0.11978146534701106,0.07630601544285612,0.11647298625546543,-1.456916410313247,0.14513945557471697
rs1000207,0.14621503048508033,0.07161416372105703,0.0411807549032551,-0.01302017340623761,0.08315284411614086,0.8755749077517797,1.451015443935734,0.1467755597866005
rs1000466,-0.10746831514155904,0.0806964584595935,0.1829390675020378,0.07309066625518101,0.09543044793678096,0.4437327743325483,-1.444754412604823,0.14852688011396742
rs1000064,-0.08049609862375885,0.10240815227675933,0.4318486607695955,0.1490377048251824,0.12159468710531801,0.220314386387906,-1.4438459295367847,0.14878231906528838
rs1000441,-0.15268216386370656,0.0669743453476198,0.022624823791144773,0.0006251087284734367,0.08295319101902925,0.99398745392828,-1.437949872975074,0.15044827746510991
rs1000066,-0.09546406000745011,0.06572927400124999,0.14639522574174021,0.05125254776898202,0.07842133350588837,0.5133994221214795,-1.4338406754401938,0.1516177344640437
rs1000442,0.11297147852363867,0.0642506211269312,0.07869750627531472,-0.02553337115502953,0.07477111636682283,0.7327369199880394,1.4049383550501513,0.16003960995301503
rs1000156,0.07265082637656148,0.06124675914700546,0.235543837606511,-0.06030982880940978,0.07269075957097151,0.40672160397097745,1.3988024215486494,0.16187223995619604
rs1000027,-0.00940063922930788,0.0718609632626851,0.8959200348995296,0.1476107284289515,0.08763989038739092,0.09212621573641094,-1.3853780270505927,0.16593690618261392
rs1000119,0.06619100235239513,0.061435559961788865,0.2812992051053296,-0.06599226416015022,0.07400784044220429,0.3725575725345045,1.3742655946818887,0.16935924334345875
rs1000295,0.0869976426406871,0.06256701617876702,0.16438579727573643,-0.04705838344814038,0.07499167142137259,0.5303218399947704,1.3726157527426637,0.16987183209700651
rs1000305,0.04744764925790342,0.06925534258139432,0.4932734034289241,-0.0996936611769735,0.08229514798470673,0.22573600014578787,1.368014114570106,0.1713076580744608
rs1000334,0.103276563118533,0.06061238864622102,0.0884025020682205,-0.025840406928831328,0.07265597738154998,0.7220995130319334,1.3645989467823147,0.1723791359901976
rs1000382,-0.058684541525012915,0.06798520388722863,0.38802983006939407,0.08019028717324195,0.07932836103739349,0.3120809059102425,-1.3292667071245547,0.18375999405254095
rs1000089,0.058050099385651185,0.06404960927941826,0.36476107069842423,-0.07159131827846141,0.07369021922365161,0.331290773119828,1.3278165182564436,0.18423872865924018
rs1000069,0.019935401049487475,0.06333533865399868,0.7529442458639635,-0.10993163836404464,0.07524214527801121,0.14400499539158895,1.3204563771048832,0.18668269139134774
rs1000020,-0.1956836627497193,0.09477733809349599,0.03895449861974266,-0.005260700660160939,0.10895048731673088,0.961488915910034,-1.3186682189779548,0.1872800560865442
rs1000328,-0.04179181196501815,0.06322127541414281,0.5085864582167449,0.08857082054787416,0.07622295177535096,0.24523679408901056,-1.3164002500272824,0.18803973856167877
rs1000087,0.1848590369460459,0.08367021627254562,0.02714844145913465,0.0152412117904322,0.09888251054045853,0.8775036426293553,1.3094698213755671,0.19037525387495524
rs1000047,0.04118593171324447,0.07062410346432277,0.5597781659486076,-0.09949550512613542,0.08114817530409095,0.2201623099244907,1.3077289936438452,0.1909652456048232
rs1000016,0.06647907835091338,0.06145989548029038,0.2794009729859197,-0.06000443469775371,0.07602332339185303,0.42994263928395027,1.293826989452091,0.19572518789611504
rs1000094,-0.0640162966144419,0.06227200847299996,0.30394475224222306,0.05898906912495725,0.07188282438520822,0.4118581087569829,-1.2933650705413113,0.19588482492470494
rs1000247,-0.08065721730764708,0.07474195288817599,0.2805242112520848,0.06700631834629717,0.08652890729716127,0.43870567608393074,-1.2914437010220488,0.1965498652672526
rs1000369,0.19577287023735926,0.08394286089994772,0.0196893390452974,0.0302221419849431,0.09804558515477783,0.7578952878888259,1.2826323549584964,0.19962090919276032
rs1000462,-0.08906154333170342,0.07814051798409452,0.25438573428214206,0.062423724275504466,0.08883515195420302,0.4822478989954868,-1.280392804178479,0.20040702342529704
rs1000128,0.020086970783612337,0.07397706455023692,0.7859836534645634,-0.12838044663022538,0.08993504948223704,0.15344170706357235,1.274930731923742,0.2023337604056179
rs1000188,0.018440302548650225,0.061030034193258476,0.7625367473456807,-0.10183970698557857,0.07241389550641278,0.15961847761670467,1.2700916617385103,0.2040519814349966
rs1000277,0.04850870337495827,0.06439081702331191,0.45124072704286156,-0.08190103433664117,0.08008869104461516,0.3064831963527135,1.2690254616742798,0.204431983037628
rs1000359,-0.05690425039458754,0.06127037538678162,0.3530238291094786,0.06295580920222972,0.07233315313445261,0.38410425763127654,-1.2644096561086435,0.20608302883469998
rs1000350,0.08505756191870871,0.10156805069977332,0.40234300189050476,-0.11296988861760304,0.11976804449193205,0.34555867731300627,1.2610284002920338,0.2072986150501821
rs1000316,0.07048550714952252,0.059960005012297535,0.23977792473560255,-0.0476122784924054,0.07200359422006895,0.5084528751931657,1.2603797795308236,0.2075323924685577
rs1000196,-0.043062394030485285,0.086243706897764,0.6175606133168934,0.12464028661319422,0.10330182891212146,0.22760002806336477,-1.246205990110747,0.21268878050114948
rs1000184,0.20089338320489047,0.09141866900547932,0.02798408687649284,0.025475110433795047,0.11004276769384841,0.8169249050829747,1.2261681467533327,0.22013540544766252
rs1000182,0.044123227428232756,0.05994724759409615,0.46170985438776824,-0.06890037743395347,0.07084906712262926,0.3308042535468616,1.2178261790325604,0.22329003373118916
rs1000423,0.0442901547891669,0.06845899742319728,0.5176585710744004,0.17235492434830685,0.08012566294047405,0.031471645585254344,-1.215167240928106,0.224302311997981
rs1000134,0.0394535082904625,0.06394503822070484,0.537240711425561,-0.08041492793342639,0.07550007424493936,0.2868318847683009,1.211520013693707,0.22569616902952028
rs1000110,-0.005170339689524467,0.06050115645632502,0.9318968657704213,0.10695256554689318,0.07343965292144491,0.14530067942843522,-1.1783642341475218,0.23865142990676547
rs1000393,0.052597087331946374,0.061382068525463254,0.3915110228196833,-0.059609414947557234,0.07392071690542552,0.4200142054554843,1.1678025093028983,0.24288643571470847
rs1000408,0.09478040067714116,0.07395186900372364,0.19996551006052277,-0.03909336476278338,0.08801925347012951,0.6569373148322776,1.164504207376334,0.2442197392867631
rs1000479,0.024498587888712633,0.060129345649553474,0.6836911148890048,0.1342095887932243,0.07279961315316913,0.06524902509891359,-1.161934543830947,0.24526205414067648
rs1000261,-0.07372009438378609,0.0642420551343757,0.2511600129128855,0.04009030562123703,0.07472164369255452,0.5915932129520214,-1.1549525898645503,0.24810984173089135
rs1000130,-0.07135058074889482,0.06126886083971465,0.24420166325119963,0.03836575208593462,0.07265086940513124,0.5974411274350196,-1.1544597254365785,0.248311741147887
rs1000086,0.09599858518430084,0.15260878536486586,0.5293161994975912,-0.17287319363747758,0.17756960345069128,0.33027916610506125,1.1483495349089545,0.25082429774283943
rs1000206,-0.055239973358129066,0.06627099571279808,0.40453644100960806,0.0650770580853861,0.08146197673197438,0.4243691507834454,-1.1457258913955366,0.25190858729933874
rs1000220,0.0955725333593939,0.06696098071890601,0.15349720309574838,-0.021639470924157318,0.07758136772134,0.7803015125582161,1.1437281766201928,0.2527363842550243
rs1000180,0.11845389200320718,0.10644640626660674,0.2657929991833011,-0.0703424325558151,0.12670309347426129,0.5787747368894671,1.1408828132776985,0.25391869242059517
rs1000467,-0.024105518583747484,0.062329142588326496,0.6989445904435935,0.0830334758692874,0.07185204312845954,0.24783766141187502,-1.1263670961512218,0.26001016821728173
rs1000079,-0.09787969953046138,0.06485786174394105,0.13126259157238665,0.01538750948200728,0.07754359184397563,0.8427032544272397,-1.120439199295725,0.262526648477734
rs1000421,-0.0034651832206716573,0.0671629286095549,0.9588524484526798,-0.12140812007037616,0.08125559544334092,0.1351361858264274,1.1187931984235826,0.26322837402599886
rs1000458,0.08966002700711091,0.07046433821626283,0.2032249710249654,-0.03331777868264947,0.08443503192042928,0.6931406042134123,1.1182343368286005,0.26346692284351536
rs1000380,-0.06733149262974418,0.060980785901327564,0.2695312194216186,0.03768178173256022,0.07144017846166201,0.5978747193722572,-1.1180260610405812,0.26355586303893874
rs1000349,1.764113865721882e-05,0.05996214616151975,0.9997652587029056,0.10552422675343884,0.07320980733834889,0.14947321265248664,-1.114919479531329,0.2648849283899004
rs1000204,-0.07327932296650759,0.06366024619351585,0.2496910103086848,0.03658922883494448,0.07540034975089092,0.6274876446223684,-1.113376600804793,0.26554672018461045
rs1000172,0.0277765137753124,0.06762442025893761,0.6812582112218845,-0.08723263042359534,0.0814443998087997,0.28413808244944183,1.0864310530380352,0.2772883292010935
rs1000430,0.11191005340340754,0.09034763855981316,0.21547124343713597,-0.042336243699667014,0.11233759037658202,0.7062730218743494,1.069957639002593,0.28463837667067926
rs1000181,0.09176834206881379,0.07547291483830687,0.22401885398178023,-0.03489833448474454,0.09149463898960886,0.7028879797235377,1.0679600251689498,0.2855385441577931
rs1000339,0.043313546724443375,0.06278950995507021,0.4903065186531028,-0.060257299155965754,0.0748402309816885,0.4207355372990881,1.0601853576272173,0.28906028114927995
rs1000427,-0.011378650518589654,0.062201590441307346,0.8548515107113832,0.09152048863055048,0.07506223676342648,0.22274499043382157,-1.0555352879067021,0.2911805793436937
rs1000473,-0.11287543351124912,0.06210423676210569,0.0691381664479211,-0.011012974160293804,0.0741259086805927,0.881892010926725,-1.0533471108667716,0.2921819346047494
rs1000141,0.05577360735654201,0.08651878165418128,0.5191594584617241,-0.08229332912966623,0.0996514409634678,0.40891089748389353,1.0462045678116054,0.29546659442446166
rs1000199,0.06294505764323088,0.0846245195447507,0.45698789910559656,-0.07501421291913517,0.10153865043881379,0.4600436561790827,1.0437270785947101,0.2966116778783472
rs1000187,-0.137727723789641,0.11751832765868493,0.2412098890390496,0.04775274034272037,0.13422609227765822,0.7220177083236323,-1.039678227570335,0.2984894192189216
rs1000082,0.09216111433358867,0.061127157589506285,0.1316325870706006,-0.007179605546150374,0.07375956370804874,0.9224580104842021,1.0369955068384162,0.29973795117242474
rs1000478,-0.1036827540557125,0.09538156870198629,0.2770229612255837,0.046564878410642184,0.1117879068670721,0.6770100368484937,-1.0224434122554342,0.3065710825170702
rs1000445,-0.08839072650834227,0.07824368926802804,0.2586089563101238,0.03466699321323694,0.09154696882246931,0.7049256118751833,-1.0218357703469634,0.3068586362437302
rs1000274,0.06586326289502172,0.060852860244647596,0.2791030977748685,0.16207164638326188,0.07272221125345908,0.025837851343925643,-1.014599525950482,0.3102967654226556
rs1000149,0.20500387528770797,0.07386069759337502,0.005510884696625769,0.08788084456783767,0.08878226449200206,0.3222489829775934,1.0141494072950186,0.31051146550644493
rs1000022,-0.0011306371927419523,0.0629586058986652,0.9856720227544838,0.09576903934484614,0.0727280867202704,0.18790246998781257,-1.007342775447512,0.3137700805344026
rs1000236,0.03416557560384206,0.07379741601143895,0.6433898929278589,0.14823027393349297,0.08696214225012663,0.0882806275963678,-1.0000877316749406,0.31726805273142844
rs1000256,0.1346757691493258,0.0918833419156405,0.14272304902478852,-0.005572264579978995,0.1071173616444831,0.9585126127808611,0.9937756095977271,0.32033212299342284
rs1000028,-0.02066631976492558,0.06869668775882899,0.7635408539442368,0.08520894882908495,0.0814753195585207,0.2956417075743064,-0.9934679643726912,0.3204819548593818
rs1000296,0.12469853583836375,0.08256105480737728,0.13094658199253648,0.0009455531573735234,0.09489003879996899,0.9920494312160809,0.9838894341382539,0.3251698793073863
rs1000162,0.010247362994754232,0.05933822180634351,0.8628918526959615,-0.08119002676010155,0.07224708200436424,0.2611051878731163,0.9780286375841586,0.3280601605218558
rs1000492,0.030527289873746376,0.061744678772715514,0.6210154724421233,0.12376017006271552,0.07322863897690247,0.0910181052514065,-0.9733518903395305,0.3303784408966348
rs1000210,0.04745142944112497,0.07651322978039717,0.5351439798112505,-0.06763295851347453,0.09014225949240402,0.4530792448195967,0.9733395265766668,0.3303845836775523
rs1000083,-0.07455994324069716,0.08440714402876397,0.3770542833493836,0.05281567719145428,0.10000650794335487,0.5974143832050274,-0.9733298027582123,0.3303894148870459
rs1000294,-0.00597328501051588,0.06670614413668223,0.9286477995844332,0.0934811163071338,0.0776294399913073,0.22851355695367748,-0.9716848720083056,0.3312073450401889
rs1000138,0.0555355050285359,0.08013489093945185,0.48829368851201227,0.16960088367285578,0.08963282371181423,0.05846782346965653,-0.9487136011437843,0.3427662945599719
rs1000456,0.011539543680354192,0.06113952898978958,0.850295715214527,-0.07855727114574364,0.07383352311283727,0.28733850090089874,0.9398642356182733,0.3472872044542954
rs1000377,0.12739448064192924,0.06182719303153309,0.03935146187325191,0.03881456747489683,0.0713305434265399,0.5863377514723023,0.9383840142688735,0.34804709810600887
rs1000346,0.0257652619139466,0.06105143624708603,0.6730064167144697,0.11420546708951748,0.07180179227436269,0.11170735166083288,-0.9383727871553131,0.34805286574807104
rs1000368,-0.0009458870167506699,0.06490035053951587,0.9883716817709087,0.09285310156490115,0.07605000281640739,0.22210569528667057,-0.9381935696484944,0.3481449423790557
rs1000317,0.06972099946391756,0.07706508534733428,0.3656228506884146,-0.0406990604171854,0.09053875377563807,0.6530559480024467,0.9287101764904928,0.3530393054333154
rs1000193,-0.08688891790793847,0.08619951930111419,0.31345556243283823,0.035854948076419875,0.100386397741935,0.7209650025786025,-0.9276500735485409,0.35358911433483553
rs1000484,0.003390591182864995,0.06377748244414869,0.9576021745011245,-0.08738664236450167,0.07450060020944317,0.24080959476240094,0.9256283838468686,0.3546391374106923
rs1000095,0.012946371493595666,0.06025926610697629,0.8298885621487274,-0.07661252561834969,0.07587639072230251,0.3126381967052646,0.9242996950062067,0.3553303015265916
rs1000461,0.032346544558435913,0.05958507923567092,0.5872240207453769,-0.05260742387785743,0.07014540845304637,0.45326872134281804,0.9230441673035892,0.35598418879417393
rs1000129,0.09227951797095682,0.06393647022652439,0.1489359335842503,0.0017521458931811216,0.07557503856027793,0.9815033514606119,0.9144898096981491,0.36045953000521047
rs1000071,0.02953068776274207,0.061483524706780854,0.6310123445743954,-0.056307966568457456,0.07122962441314408,0.4292280488866099,0.9122544831956163,0.3616347690595849
rs1000489,0.08841835856677562,0.06205429826699313,0.1541992064702826,0.0004180934047006762,0.07414863881729829,0.9955010839006814,0.9101375968631608,0.36274994903180247
rs1000166,-0.0780355404205698,0.060517722161139285,0.1972361561695969,0.0061634877751196885,0.07095023153071167,0.9307743847277159,-0.902898791997077,0.3665796118367646
rs1000411,-0.145337995725547,0.07700721715893812,0.05911601564504894,-0.038492373789223516,0.0910194123613751,0.6723661041166624,-0.8961665377073676,0.3701638244931522
rs1000290,-0.006662704500373121,0.07067931658619572,0.9248973177404289,0.08893760994405954,0.08069733918688511,0.2704124225362897,-0.891182079516521,0.37283149671091964
rs1000338,0.021572826797319217,0.06075674254772371,0.7225380111325255,0.10541433738803667,0.07215393728952918,0.14402519743348305,-0.8888394632501715,0.37408936364960965
rs1000214,0.04500912539950461,0.0707086019999994,0.5244220128421452,-0.05451639681056949,0.08693622020099644,0.5306035404489392,0.8881389593980312,0.37446600822376075
rs1000337,0.03388935165613173,0.060894904052236916,0.5778540831507664,-0.04988036310861699,0.07208702987256926,0.4889709700859012,0.8877213765471,0.3746906442933431
rs1000013,0.01406388270414703,0.0611879381961688,0.8182104244008663,-0.0689206210708829,0.07104778231468341,0.3320165200243428,0.8850326809265561,0.37613900539264433
rs1000174,-0.12739295562935546,0.08689482065949497,0.14263214593772014,-0.008783352609945198,0.10238810256698257,0.931637414394086,-0.8832291976316733,0.3771124491958171
rs1000150,-0.021538054229682028,0.08383825184831963,0.7972559030871633,-0.13645761113491128,0.10026360954650407,0.17351735026457626,0.8792838798883499,0.3792473740592215
rs1000223,-0.12199911521080035,0.06487590411961666,0.06004001356964213,-0.035860962261142326,0.07535041252509066,0.6341295393951314,-0.8663089173334984,0.38632077740584014
rs1000483,-0.10696026393167855,0.08802392538743516,0.2243175898311237,0.008812413833629339,0.1023604329854676,0.9313932874608164,-0.8575549302002496,0.3911382709193547
rs1000431,0.05411251094707159,0.07696719988143629,0.48201875207063116,-0.04915702905650532,0.09357054471109331,0.5993418110826758,0.8523503406158289,0.39401967351505096
rs1000147,0.07829597365219748,0.06108664438249003,0.1999408875155727,-0.0011132756609060009,0.07038102058822354,0.9873797166557964,0.8520881476365457,0.3941651698098987
rs1000361,0.16958551687239176,0.09563089214504378,0.07617337073428405,0.0447839514336524,0.11094149055437769,0.6864540776628176,0.8520658579326156,0.39417754032594
rs1000065,0.13073136573604238,0.12339189154873109,0.28938077374875215,-0.035308402364045956,0.15103469846043843,0.8151582929861819,0.8513512283960888,0.3945742755824053
rs1000211,0.13751461555105318,0.07157200277505638,0.05468804110578766,0.04143937365305417,0.0881381402155884,0.6382379081283764,0.8461944011661852,0.3974443047839158
rs1000403,0.06172089327194246,0.060028306466234575,0.30385741496579544,-0.017179767363591253,0.07225008075193992,0.8120501945950036,0.8399644194198242,0.4009283364098981
rs1000332,-0.04138929116328923,0.07628997653098749,0.5874562432159205,0.05628322404386892,0.08857317620401817,0.5251393893828737,-0.8355293398045734,0.4034197345451649
rs1000106,-0.03785497956873232,0.10306076999641738,0.7133897631165591,0.09553189527012892,0.12352531899222025,0.43929807804633836,-0.8291454790240274,0.40702209170018033
rs1000135,0.1070537231780188,0.21723286987312324,0.6221494707453025,-0.20320001732065945,0.30647096184551176,0.5073101379911971,0.8259069058234437,0.40885690287215715
rs1000262,0.1802887805576294,0.10237566496868773,0.078229749274828,0.04899001424787048,0.12201095310610914,0.6880362522960801,0.824370122992681,0.4097292856310555
rs1000008,0.003698034079016663,0.06697645009089959,0.9559680188160146,0.09024764749761316,0.0814546322873833,0.26788347561353565,-0.8207275860645843,0.4118014539511645
rs1000340,0.10190897927399474,0.06355917656831019,0.10885263503738335,0.020526017556178493,0.07620142179021933,0.7876485991679185,0.8201516987254823,0.41212963324584506
rs1000038,-0.010657088000855382,0.06002358010218107,0.8590776854977846,0.06673254183178824,0.07281274944761142,0.35940717733950023,-0.8201199005058514,0.41214775852467245
rs1000269,-0.10255136733165619,0.06102444469507471,0.09286074959551827,-0.02476024601012703,0.07308046142690713,0.7347543635667384,-0.817057150226811,0.4138957689262548
rs1000021,-0.04125517599586316,0.06791758561783681,0.5435656139614047,0.0446761537216736,0.080553890082054,0.5791600823878371,-0.8155606209609413,0.4147514796685745
rs1000179,0.08330454395417444,0.06754190390329887,0.217435621523548,-0.0019379835010327375,0.0802592234857616,0.9807357111299256,0.8126281203728281,0.4164313039716325
rs1000327,0.004477438441176111,0.06078922658603193,0.9412848021197201,0.08140742282189713,0.07305969776945917,0.26516810802732815,-0.8094284202046197,0.41826876029410687
rs1000030,-0.14580851575804027,0.08089126411888307,0.0714628646410681,-0.04504447070221919,0.09498503739177898,0.6353380312228435,-0.807650196462425,0.419291981466708
rs1000357,0.02813955597961989,0.06715298881156412,0.6751894290768276,0.11200329430650838,0.0806878671229565,0.1651048383918764,-0.7988814201975858,0.42435917333223716
rs1000313,-0.11670583664868153,0.05990336286006801,0.05138683369651233,-0.04222762846849645,0.07184971997759326,0.5567192114185833,-0.7961693620341057,0.4259336028215306
rs1000173,0.03731215169992852,0.07001968873752365,0.5941160577890605,-0.05126495739344565,0.08704610105974743,0.5559013183513011,0.7928992887031371,0.4278365017895531
rs1000243,0.06041208243089358,0.08367224742575258,0.47028918859794544,-0.04405211555755636,0.10180125677883103,0.6652133755173775,0.7927492174168227,0.4279239488793287
rs1000159,-0.0070278685279592315,0.07197745627870741,0.9222182745033327,0.07955321673276962,0.08437568732818888,0.3457600583128956,-0.7806750116500627,0.43499366113165316
rs1000376,0.08275269975065418,0.060274708108942206,0.16977542582652438,0.011089628786091963,0.06989816492225796,0.8739414216428151,0.7764372440908254,0.4374908612261823
rs1000054,-0.023399907769488575,0.08951978156556017,0.7937889076167537,0.08396150584781606,0.10590447648303035,0.42789195262329993,-0.7742187181897491,0.43880146089273
rs1000355,-0.12765890457905507,0.0686844531969142,0.06307976833166692,-0.04598385821119274,0.0810166516047788,0.5703166103075961,-0.7689723788392159,0.4419097079027168
rs1000125,-0.004843476597789321,0.06884973112407347,0.9439162657911698,0.0757387684726508,0.07943825857956777,0.3403725687059185,-0.7665562487171512,0.4433453966019112
rs1000213,0.06183445868897502,0.07052246050959984,0.38059246500688115,-0.022613678273292043,0.08542455314884165,0.7912243524498179,0.7623495259424933,0.44585142236919895
rs1000485,-0.010598305003808709,0.08307276877322009,0.8984824915912025,0.08463416554437937,0.09406387246913363,0.3682521975158016,-0.7588522426136932,0.4479409500602691
rs1000006,-0.01125601433601091,0.06188650136731035,0.8556756643842721,-0.08342864208589489,0.07302109137582186,0.2532346108221336,0.754009691015357,0.4508434026411363
rs1000244,-0.013793252091307277,0.06886927202319741,0.8412603055276286,0.06571178461148824,0.07997374207781596,0.4112664464622864,-0.7533137702320003,0.4512613859385455
rs1000167,-0.07958864657719683,0.10687587070803023,0.4564633641149852,0.04224635132166605,0.12198816070626811,0.7291058648121086,-0.7512158957651263,0.45252273527737463
rs1000475,0.06906698636096498,0.06800752074363017,0.30983007418279596,-0.009879790924602621,0.08070403713747418,0.9025663734529737,0.7480447729377986,0.4544331519550142
rs1000043,-0.07488919658447973,0.06304358942905823,0.23487458033737607,-0.001629692161624673,0.07625958475231932,0.9829502448428058,-0.740409907882874,0.4590513087375987
rs1000124,0.0013100100923596194,0.07027158422859081,0.9851266155401318,-0.07773724369613703,0.08198983600754078,0.34306190860464325,0.7320310904592249,0.46414959156037394
rs1000354,0.02798833566172012,0.06159556784332656,0.6495490179330488,-0.04246504357332656,0.07436957977675107,0.5679995196043452,0.7295934713725859,0.4656387140536582
rs1000264,0.025687207043439676,0.0699783676263289,0.7135641646306071,0.1047124324824732,0.08272360782337033,0.2055808436362001,-0.7293375971884185,0.46579517939412707
rs1000271,0.013388140513252215,0.0652325770262396,0.8373869376882195,-0.059193998941409844,0.0752128984076211,0.4312705971143278,0.7290263428418128,0.4659855486970943
rs1000257,0.029655046864984182,0.10638220968873036,0.7804294311889105,0.14840608425345503,0.12430263958341768,0.23251342769575378,-0.7258165195344151,0.4679512584296244
rs1000272,-0.06730681282829752,0.11802377533471475,0.5684865727104037,0.06431393971578953,0.1378448876614059,0.6408093693045204,-0.7253090004266193,0.4682624853656696
rs1000098,-0.03940640060754789,0.0838013574295324,0.6381865402103154,0.05429886748849483,0.09861648548389199,0.5819035245707533,-0.7240759186797512,0.469019127830838
rs1000497,-0.099047013948895,0.06018009349314898,0.09979598979580626,-0.03134285297159796,0.07331691480763994,0.6690164575448094,-0.7137829515713524,0.47536140326438936
rs1000439,0.006206277405552267,0.06426670829869394,0.9230673702299159,0.0764864362413937,0.07530155001156301,0.30975549292132787,-0.7099174993291959,0.4777552980412929
rs1000406,0.06157781240393901,0.062182449589282575,0.32203903787937316,-0.0052327502120840235,0.0711486450836071,0.9413710593217948,0.7070480096310241,0.479536643186091
rs1000232,0.10110956725086595,0.09948133126768988,0.30945453429255665,-0.011092875411528263,0.12418583192341716,0.9288237800993089,0.7051507733872747,0.4807164121375491
rs1000352,-0.08655143304240762,0.09642030503851458,0.36937357727867404,0.015034497167460449,0.10717870421912372,0.8884426834370425,-0.7046402209706057,0.48103416156887313
rs1000413,-0.03278755440414974,0.06473506637865194,0.612513893720056,0.037210133217322174,0.07602919937115193,0.6245451013692787,-0.7009916661276083,0.4833082161497404
rs1000366,-0.0507021624431658,0.08933109576413695,0.5703230866414946,-0.1485160717829037,0.10735711117555384,0.16654726264045105,0.700359504343492,0.4837028194077022
rs1000258,0.049189666647323965,0.06416035902971666,0.443279188942734,-0.020040856452943356,0.07578860985359942,0.7914478414570687,0.6971864116024183,0.48568614167161694
rs1000311,0.017704109098290524,0.06361084402342669,0.7807674608171049,-0.050779851842540254,0.0752013724996757,0.49951588835251004,0.6952924349878125,0.48687205420744606
rs1000291,-0.038975537187287516,0.06459685991841607,0.5462653568666287,0.03086997716015218,0.07792283459202164,0.6919863634144083,-0.6900624903024286,0.4901548903371793
rs1000190,-0.09122318208277416,0.06830981988290713,0.18173469703474332,-0.019105389592675825,0.07990194581206297,0.8110199449296913,-0.6860415661919831,0.49268689729001114
rs1000080,0.03784263538462823,0.06089342545942128,0.5342990876744047,-0.026258595160507704,0.0722184236000317,0.7161569714636884,0.6785760229610621,0.49740653933766477
rs1000360,0.00023119712695093237,0.08776180145633836,0.9978980786439051,0.087942070178852,0.09554156576375719,0.35733307973118167,-0.6760941653798416,0.4989808608569173
rs1000287,-0.09491930597998426,0.06339361877976857,0.13431504839874334,-0.1617455467653506,0.07586374924319696,0.03300247613082744,0.6759421756682782,0.4990773587519395
rs1000333,-0.04218682087566345,0.061459590292815905,0.49245107681504674,0.021881289913189887,0.0723309360746928,0.7622584805562871,-0.6749980628692216,0.49967699567012014
rs1000435,-0.06469182458592959,0.059726677348344186,0.27875021535128697,-0.001079552290146119,0.07383183685261649,0.988333929506955,-0.6698472429149304,0.502955173885987
rs1000045,-0.013769339432555856,0.08380453354791612,0.869492590476787,-0.10192895244057903,0.10281051761653402,0.32147793160689075,0.6646564534658699,0.5062702523916935
rs1000370,-0.03801792850613099,0.06165998739092847,0.5375159254504474,0.02539780555287582,0.07291718804747031,0.7276071808523398,-0.6640893311909336,0.5066331380895577
rs1000342,0.09443245280151367,0.09088927666303204,0.29881244069762625,0.0022611774542182082,0.10592314157209161,0.9829685795379266,0.6603812567700164,0.5090091971333444
rs1000153,-0.014641175755614822,0.062419464642319046,0.8145494364207526,0.049101638802858345,0.0737072890033813,0.5053019769863323,-0.6599556625611859,0.5092822823175012
rs1000019,-0.0431264778314333,0.07005263699643002,0.5381390018817803,0.027573891796214844,0.08181439391552259,0.7360944083632809,-0.6564090930682985,0.5115609413477606
rs1000335,-0.02561129932596166,0.0849877438220337,0.7631454397247568,0.06065608492284575,0.10027397412477654,0.5452430709775027,-0.6563002631447112,0.5116309482783046
rs1000164,-0.03334324186314896,0.06374346467529828,0.6009151946745807,0.03141490818827334,0.07531946700282043,0.6766134365774726,-0.6562941666674956,0.511634870101823
rs1000048,0.01018915232657016,0.06155799084004766,0.8685337671741961,-0.05332406058848211,0.07518306590892668,0.47816546271774363,0.6536343282712389,0.5133474222872956
rs1000136,-0.09707834460395842,0.07401402234017407,0.18964805020645115,-0.024154485667723047,0.08494182936502136,0.7761306569586677,-0.6472681747695443,0.5174583951187457
rs1000347,0.08730033787021063,0.071248297705623,0.2204632725820258,0.016437974995993174,0.08323245514371691,0.8434403699182135,0.6467751604803877,0.517777470787248
rs1000417,0.03053469719587021,0.06362254782816978,0.6312735045243683,-0.03471024546652505,0.07847890296934482,0.6582811044573353,0.6458070141114849,0.5184043449500748
rs1000017,-0.1486015252946438,0.11753491327840496,0.20611585404380517,-0.03285354833229936,0.13637142998163038,0.8096231258970554,-0.6429290088022789,0.5202701653174668
rs1000424,0.07265397344389218,0.0644323256500093,0.259488342166603,0.007529851325047099,0.07823998768049875,0.9233296084622318,0.6425291120279497,0.5205296933626058
rs1000343,-0.10496611720730878,0.07593604441446505,0.16688072553344124,-0.029467348524518815,0.09141593642646145,0.7471923526194377,-0.6352928776170451,0.5252374179490706
rs1000365,0.0730169084792907,0.06266244757550037,0.2439210960053143,0.010899310184772392,0.07528210967699062,0.8848849264897408,0.6341840108192456,0.5259607410708611
rs1000321,-0.08521094241063926,0.15016152300500948,0.5704004082668805,0.05832941133989546,0.16937212016008854,0.7305559078922468,-0.6341455581167001,0.5259858332231926
rs1000255,-0.13687275464886672,0.08304481492435488,0.09931585926601282,-0.05626537737766223,0.09674388619352184,0.5608421796454923,-0.6322230697439276,0.5272411246293871
rs1000010,0.16472449135445116,0.09425879100966272,0.08053730798219023,0.06960500632384181,0.11813210741292962,0.5557182106355694,0.6293935002220845,0.5290914721824385
rs1000329,-0.059411586110346346,0.07226091589564547,0.4109736228011336,0.00936470243225262,0.08197407751050254,0.9090477005236737,-0.6293776353272479,0.5291018560597762
rs1000117,0.06171135640862805,0.07974829228091859,0.4390332915788342,-0.01601888207261215,0.09433276743179181,0.8651576044409296,0.629266529349669,0.5291745799543495
rs1000078,-0.014998046587397854,0.06108036787784294,0.806033611868025,-0.07439518002154098,0.07215452946479274,0.302515732791247,0.6283006108035264,0.5298070315852197
rs1000241,0.05128756015317545,0.06209266821569879,0.4088130795776216,-0.008813288465718314,0.07303512641957578,0.9039509060873611,0.6269481305315373,0.5306932361858081
rs1000042,0.027695293041704528,0.08220057617765054,0.7361746868258134,-0.05132571834981358,0.09562231876522845,0.5914371435394696,0.6266662977108822,0.530878000135748
rs1000075,0.03267375523330527,0.060974881754488494,0.5920580871957593,-0.026285391301642147,0.0722359120414899,0.7159456803464623,0.6237068339101451,0.5328201342115533
rs1000404,-0.07158152240314983,0.06245398640096297,0.2517338480343402,-0.010312589112194497,0.07621586444028394,0.8923686410063412,-0.6217918893075446,0.5340787202060362
rs1000157,0.030645433371110024,0.06126406584434996,0.616921069540358,0.08866006940328006,0.07152253662446399,0.21511958812669574,-0.6160360747455292,0.5378707108200942
rs1000154,-0.0701696965247606,0.06112887867389081,0.25101081610351283,-0.12827123358627876,0.07245845905477612,0.07668171982147433,0.6128878638418375,0.539950488407483
rs1000123,-0.0017226935990074881,0.061281118261272124,0.9775733594240013,-0.05994053519419518,0.07259468834068665,0.40898131872165044,0.6128070195151646,0.5400039489076374
rs1000330,0.10797794445988503,0.06317943295250118,0.0874383620448421,0.048255570973392926,0.07466566550759539,0.5180924472975956,0.6106019654678891,0.5414631211933112
rs1000425,0.0022543270721521384,0.060406103266725956,0.9702302377542737,-0.0555787202744901,0.07343464477509529,0.4491421048237536,0.6082116967767592,0.5430470778621528
rs1000029,0.030234860013525724,0.10333462543117068,0.7698342121793793,-0.0708329166300782,0.13056463069472174,0.5874656441679839,0.6069817337720858,0.5438630344021993
rs1000041,-0.02456037632254802,0.06503795881172514,0.7057044250737038,-0.08496176773364504,0.07589286694220246,0.26292855840800333,0.6043263306830329,0.5456267037998797
rs1000221,0.046919881676873824,0.08391621207777428,0.5760745468505607,-0.030553114052318683,0.09831985479782161,0.755988988373703,0.5993475032848864,0.5489411765205721
rs1000015,-0.04042806214392333,0.05977797761457678,0.49884790032875304,0.015575412649426862,0.07199086359889287,0.8287128878442391,-0.598494053407347,0.5495103255948364
rs1000470,-0.182147220008486,0.11047200850692547,0.09918681112956407,-0.08039018274425491,0.12939348746156404,0.5344123760858063,-0.5980873668088762,0.5497816392678478
rs1000231,-0.010881002449087079,0.061009843733207746,0.8584494419863258,0.04595921788097512,0.07288095193559789,0.5282977053934499,-0.598025489511593,0.5498229253830438
rs1000100,-0.0011708213733789194,0.09380302341013536,0.990041301362757,0.08635952859411447,0.11238158933638082,0.44222043313800985,-0.5979453236644141,0.5498764163582779
rs1000165,0.041131253967939145,0.07007413370444919,0.5572253915446257,0.10643366207364584,0.08417486826584693,0.20607388376378022,-0.5962312315749055,0.5510207642060871
rs1000175,0.004761695480112742,0.0602892996136795,0.937047916298474,-0.0510618976871974,0.07166825869432136,0.4761702113600005,0.5960597433722227,0.5511353161525108
rs1000121,0.01280622633566901,0.06104848376702261,0.8338460904307539,-0.04360121552647305,0.07303450072899788,0.5505108672712924,0.5925832911744873,0.5534600639967278
rs1000426,0.08113065942696976,0.08096344267805088,0.3163120381038407,0.005529670227857319,0.0992879259073281,0.9555861532217147,0.5901076261894778,0.555118496359289
rs1000148,-0.20130191175595885,0.09993140422187319,0.043967458742486275,-0.10661161358487575,0.12565823758034772,0.39620122115652334,-0.5897872486144146,0.5553332926034986
rs1000116,0.006655066592702775,0.08887085646661158,0.940306457458685,-0.07547122589451341,0.10749294263444285,0.48261430277569983,0.5888322425223241,0.5559738145299287
rs1000151,-0.05782305561919363,0.06078771110614406,0.3414879565833281,-0.002515072335947347,0.07311968366337486,0.9725608529638858,-0.5816535222190496,0.5608000837756637
rs1000488,-0.05283609039563379,0.06013059088726208,0.3795699099091169,0.002070427213540045,0.07322282479680874,0.9774422550523921,-0.5794977519262837,0.562253363073961
rs1000085,-0.03619684940084696,0.06103689229444268,0.5531595275449247,0.018575166684613526,0.07289569691847066,0.798863343767672,-0.5760917964011018,0.5645531361355913
rs1000481,0.144622272056414,0.09128009337603665,0.11310747543934839,0.061925112175043616,0.1110635628191408,0.5771417278029298,0.575241333152511,0.5651280923158646
rs1000306,0.06448126615291486,0.06285731458298881,0.3049691189802637,0.006973582933806173,0.07794627839304552,0.9287111533049474,0.5743116606581389,0.5657569198195271
rs1000114,-0.038610326682909285,0.06426425013833151,0.5479694186689451,-0.09598208854005283,0.07663320389895141,0.21039247718651166,0.5736447191074546,0.5662082438558551
rs1000324,-0.08884146674001482,0.09646922860112571,0.35708664964549985,-0.1762490892173668,0.1180580997338574,0.13546302780623098,0.5733154189223876,0.5664311473020351
rs1000011,-0.00545601019178636,0.059444390551996455,0.9268701076565615,0.04834841594297842,0.07275651953902147,0.5063553227292839,-0.5726744817188268,0.5668651186507216
rs1000498,0.05535498059271371,0.06081067392960222,0.36267277960021793,0.001576435514310527,0.0720576938651918,0.9825457468630702,0.5703639639593406,0.5684308656473611
rs1000158,-0.026121625794738115,0.06413826274261171,0.68380928733096,-0.0827488880604301,0.07635739147644761,0.2784956114302761,0.5678600802797829,0.5701299801289799
rs1000035,0.019861710103919194,0.067816412714006,0.7696179438693851,-0.040243763263246767,0.0814002430014278,0.62102819757362,0.567308880510783,0.5705043446089375
rs1000323,0.09469009396087943,0.06383010638790004,0.1379493898373332,0.03814007892735941,0.07667974629896983,0.6189109306213239,0.566803426844499,0.5708477421110674
rs1000452,-0.013625853690885141,0.06215216817632556,0.826467956295021,0.040879632389004654,0.07367805143296605,0.5790031545031777,-0.5654586744600816,0.571761825303229
rs1000446,0.09307306007041066,0.061975294793048065,0.1331547611030026,0.14746128299035524,0.07380923565687898,0.04573071859606114,-0.5643213164033398,0.5725354768814821
rs1000132,0.00234519918837836,0.07324534501363049,0.9744573726209582,0.06765391666311404,0.08963409486364875,0.4503817021128034,-0.5641992519065918,0.572618536893235
rs1000312,0.07008606960701244,0.10339364909205812,0.49786260655041326,-0.020372128070514306,0.12295771352092072,0.8684056236777458,0.5630716186030605,0.573386116697038
rs1000034,-0.06933070057516469,0.06332553147485662,0.2735910587953456,-0.015364127364870249,0.07360607412238607,0.8346555031854808,-0.5557962123580161,0.5783501750969591
rs1000341,-0.08502479585779259,0.09512854122011544,0.3714350650398861,-0.005040881781051296,0.10932336623189354,0.9632227115075727,-0.5519278068923386,0.5809978160841203
rs1000168,0.018760894504718996,0.06464544189866214,0.7716539200840153,-0.03623299227413926,0.07662499996052959,0.6363121815378964,0.5485575895462681,0.5833090973713897
rs1000373,-0.08675011068868728,0.06157092217116597,0.15885110651165735,-0.03508394198622787,0.07128738358827386,0.6226147342948355,-0.5484969415542247,0.5833507287465793
rs1000018,0.0035811465389659573,0.06050111475915421,0.9527996481861675,-0.04807279181869577,0.07234640465662881,0.5063826779579036,0.5477033852210209,0.5838955873213847
rs1000433,0.036298721703669726,0.065517505939374,0.5795577099868219,-0.020123024703953794,0.07983518157201819,0.8009969253063604,0.5463131663251564,0.5848506873307104
rs1000240,-0.0013375752757268237,0.12836291466366728,0.9916859838304983,0.10279494625383309,0.14431277475764584,0.47627491937594735,-0.539154524598163,0.5897802357611457
rs1000014,-0.030655418629962728,0.06436517693669792,0.6338796468814096,-0.08379718141581857,0.07652637348755212,0.2735120426213803,0.5314398998753975,0.5951139783577544
rs1000229,0.07909002991720789,0.10307011541781756,0.44287819498231396,0.1623769187636753,0.1190492360450116,0.17258406082551314,-0.5289131236185284,0.5968657176449783
rs1000246,0.04452755990964028,0.10994149069917829,0.6854691122754041,-0.04702844110302645,0.13615318646544372,0.729787435867226,0.5231786728098466,0.600849921462721
rs1000325,-0.13918314367941512,0.08290463340361054,0.0931843382778514,-0.0712073028858357,0.10011693257301993,0.47693468509531356,-0.5229440233056916,0.6010132077441228
rs1000195,-0.1312881467664089,0.10402736651162804,0.20692938109362513,-0.221960617742381,0.1398537467670421,0.11249204416954503,0.520206901247122,0.6029193757811999
rs1000000,-0.07114705696121384,0.09003252144002924,0.4293891943378777,0.00046600145724655975,0.10513822947196096,0.9964635684609605,-0.517363251832565,0.6049026074212913
rs1000447,-0.005513495271240011,0.07048469946230808,0.9376509982224754,-0.06115697545550808,0.0817372085839243,0.4543307065841258,0.51554759690842,0.6061704182882401
rs1000263,-0.017512908245834753,0.06215023841011219,0.7781095662499619,0.03158160663205999,0.07316709629659629,0.6660054542696279,-0.5113990848275426,0.6090716356205164
rs1000454,0.06872790944104337,0.06170859721896852,0.2653867356630696,0.020365120919496497,0.07232943715788169,0.7782804422935317,0.5086735623425178,0.6109810565924174
rs1000448,0.09569569924264895,0.06453710164089446,0.13812720633563852,0.14678744198649163,0.07698277500624609,0.05655206725745075,-0.5085987941116353,0.6110334743982841
rs1000284,0.05182484237972314,0.06223559085061284,0.4050024703383772,0.10112025971556993,0.07458485365770703,0.1751708543659043,-0.5074680316658777,0.6118264615730609
rs1000268,-0.015207671301191907,0.09462174238049634,0.8723133965404936,0.05880331851006743,0.1113986430932621,0.5975938251604962,-0.5063674551517412,0.6125987169047065
rs1000459,0.07959972943568025,0.07162684666485662,0.2664343449463099,0.023419394989626252,0.08533295262402846,0.7837409288620012,0.5042679576900283,0.6140730909601411
rs1000111,0.09384940764798785,0.061078920049815515,0.12440918959521477,0.04599952990586297,0.07270032314802123,0.5269112832158936,0.5039350530256013,0.6143070171496237
rs1000449,0.026965237084656563,0.06354313827875631,0.67130247387039,0.07670130057566037,0.07602977086827438,0.31305499211000687,-0.5019427922902117,0.6157077629168992
rs1000009,0.07643581153907988,0.07391299303738952,0.30107433037945885,0.019181899305838256,0.0884630851365598,0.8283368797670321,0.4966626499967736,0.6194269652492252
rs1000304,0.00821794885286859,0.06077919445765424,0.8924459192802908,-0.039060834826177435,0.07334287435671015,0.5943254184202353,0.496345346173431,0.6196507781150493
rs1000032,-0.15847296671721034,0.1449663518902755,0.2743188639588462,-0.04629559895142578,0.17802673110507217,0.7948262994266245,-0.4886116804517459,0.6251166420105756
rs1000237,-0.10494576864079441,0.06629197254005469,0.11340229383622559,-0.05457323205716206,0.07912682085373952,0.49038712890967706,-0.4879813770848615,0.6255630320612788
rs1000251,-0.007156299028090842,0.0773780398687348,0.9263128007027548,-0.06503233370302552,0.09120221423724731,0.4758107819838242,0.4838956591518498,0.6284599212155926
rs1000253,-0.029194665814020464,0.06777733457072418,0.666654676340131,0.022805418662361628,0.08361015897652507,0.7850385212376626,-0.4831331013389342,0.6290012321623375
rs1000399,0.09486416508750217,0.10611026715446586,0.37131389281732774,0.01799000758956204,0.12015184323493311,0.8809797915888566,0.47956650140716234,0.6315356707964233
rs1000226,0.02658753865952504,0.06312888452202503,0.6736361960765382,-0.020191914841315887,0.074387432517267,0.7860506749738458,0.4794742303905133,0.6316012965914908
rs1000233,0.010433835998042231,0.06132759298659528,0.8649056874977793,0.05568152028995659,0.07434791589665607,0.45389829773607604,-0.46948228592305535,0.6387249437120373
rs1000012,0.017526313501057388,0.061436014477414355,0.775431538368241,0.06135850312125541,0.0718683894554626,0.3932368487113713,-0.4635939758790272,0.6429386711800875
rs1000285,0.009121554057394076,0.06151092841708292,0.8821126434641081,0.05234358874429539,0.07071735668163628,0.4591906469770929,-0.46115372771513047,0.6446883170431952
rs1000310,0.14673791547119708,0.06416680100856668,0.02220633927380366,0.10073979804474222,0.07659758479427015,0.18844859711674766,0.46033649903174295,0.645274706726771
rs1000112,-0.0578454708888902,0.06809537307045276,0.39561577882069376,-0.009352182316921549,0.08122223417807385,0.9083316739565154,-0.45752394129817137,0.6472944980656514
rs1000143,-0.025756993711559376,0.07880689134920386,0.7437913095962339,0.029584191602249423,0.09278795930221542,0.7498504706828878,-0.454592669153472,0.6494023097287354
rs1000072,0.064463670656445,0.06004932938997346,0.2830414950906135,0.02175322318602039,0.07231734250681277,0.7635652520150115,0.45437366205201574,0.6495599058124981
rs1000031,0.06441755429772913,0.06023630401748687,0.284883105774024,0.022519824799675223,0.06997829676673852,0.747595456720185,0.4537678891059292,0.6499958977451283
rs1000418,-0.06683282870065106,0.1439681849293081,0.6424905420643112,0.0330643724417273,0.17255964373882215,0.8480467141191069,-0.4445205632471737,0.6566662651961142
rs1000400,0.011291757161935189,0.06477622301368106,0.8616143950414348,0.055047939975808875,0.07543335768691134,0.46553938779596826,-0.4400741095864205,0.6598834328636274
rs1000412,-0.11747220966610374,0.08929767997041692,0.188337736267137,-0.05665184325101232,0.10692040524891877,0.5962155037864338,-0.43659672505366137,0.6624038381372306
rs1000378,-0.04223967981595745,0.07461298830573751,0.5713142592656777,-0.09302177548657513,0.09017940433012295,0.30229746911971334,0.4338698599799621,0.664382947667733
rs1000025,-0.04931029430974518,0.0651803405025984,0.4493369055196368,-0.09318976964197982,0.07786560220609036,0.23138343218267898,0.43211555161431775,0.6656574323002682
rs1000460,-0.06272105729376665,0.06741871255553804,0.35220480656533537,-0.016970397021753767,0.08195880847093567,0.8359629419596938,-0.43110137032776236,0.6663946643003467
rs1000318,0.043923988417958526,0.06200657463569957,0.4787116010893746,0.0029008942650856143,0.07243125025111201,0.9680530142339719,0.4302492926520433,0.6670143086559712
rs1000081,-0.02662533493276397,0.06060751232884284,0.6604387379985625,-0.06728257835207134,0.07333884244153863,0.35892218557555444,0.4273356285279972,0.6691348858433228
rs1000073,0.012036601735532268,0.07413845857429241,0.8710278742242764,0.05978238596078642,0.08471152618707653,0.4803639865337406,-0.4241338753990853,0.6714681816343513
rs1000301,0.003916289415476607,0.06714007814300958,0.9534856689365776,-0.038924357884756206,0.07721885788347731,0.6142062890340103,0.41866961241926637,0.6754576068326923
rs1000036,-0.03758970151356908,0.0635917097745674,0.5544466573088316,-0.07810155778021792,0.07442669843671795,0.2940053056084214,0.4138338235963556,0.6789958112068533
rs1000049,-0.01079641278351953,0.061243084694252686,0.8600677933099697,0.028606661138066904,0.07363929978272386,0.6976682271836462,-0.41139922834598547,0.6807798196463128
rs1000194,-0.048191851156828926,0.07264427934633283,0.5070776120995075,-0.0014872499905950443,0.08729742588400732,0.9864074296280678,-0.4112424564422077,0.6808947594029278
rs1000070,0.004449144091947562,0.06271095163999044,0.9434400612995187,0.0436219427248628,0.07183183189272327,0.5436659599912019,-0.41081238650075336,0.6812101099034662
rs1000490,0.004203072662574119,0.07159720119645091,0.9531875332796511,0.04909097248114653,0.08309381278974155,0.5546613069016173,-0.4092447330650651,0.6823600694060326
rs1000058,0.08592627845709863,0.19449161039247437,0.6586343665347676,-0.03759040852552283,0.23394242621652614,0.872343626070028,0.40599738781534406,0.6847445197471052
rs1000395,-0.05931381036945013,0.07115031113610266,0.40448336316496525,-0.01494690768923088,0.08371480100485598,0.8582945286495404,-0.40382746889074284,0.6863395955348475
rs1000453,0.04351664877373352,0.06016603198736875,0.4695103160485977,0.005961831596326742,0.07162818235501295,0.9336662392112227,0.40146531374764477,0.6880775707964151
rs1000353,0.03026660785242627,0.06773168798810064,0.6549758719225334,0.0709385789308117,0.08012472126228543,0.3759668343819692,-0.3876589695487742,0.6982684233637393
rs1000299,-0.03590256061863336,0.06224932020899089,0.5641054722757051,-0.07286558104482913,0.07336611238550148,0.3206234016905234,0.38416613949652634,0.7008553130887267
rs1000084,0.09252261819021933,0.06175592310213939,0.13408174063586317,0.12855884858193486,0.07214420940745911,0.07475405231617552,-0.37946371132093665,0.7043435469461743
rs1000254,-0.030365861729695003,0.0664402818265117,0.6476423456115614,-0.06919744202135258,0.077932182481836,0.3745844859416215,0.37917892349514815,0.7045550016365507
rs1000434,-0.030727604438411698,0.069006530358523,0.6561134759472979,0.009313432098146415,0.08136561261733365,0.9088699961175852,-0.37531073044609886,0.7074293867232972
rs1000201,0.015778291007505173,0.06793816855417692,0.8163478304354603,-0.023115905057899067,0.07878331838702711,0.7692078940551327,0.3738719541155248,0.7084995831609797
rs1000494,-0.0005350043459143252,0.07033204962280183,0.9939306817710362,0.03997908926397299,0.08266760828822467,0.6286608971610154,-0.3732705272480464,0.7089471097008373
rs1000385,-0.04621993664610393,0.07849837948651343,0.555994669780354,-0.0019686788530253897,0.09211777800940531,0.9829494487062606,-0.3656294664839066,0.7146415842855309
rs1000451,0.01797129332484378,0.06561633053360925,0.7841734134397259,0.05404715407717029,0.07635998835517445,0.47907309141296917,-0.3583239929131916,0.7201008648152358
rs1000227,0.06020469780614598,0.06803081564726607,0.3761770384984455,0.022706596706448146,0.07997570382176361,0.7764726964865517,0.3571360279375775,0.7209899741672414
rs1000234,0.05597570159595045,0.06134256167595049,0.3615003022984469,0.02194178904100368,0.07295277326440336,0.763592150193669,0.35706641774001213,0.721042084282401
rs1000026,0.056628369146289395,0.07042039966997181,0.421311952187288,0.017074611617472712,0.08604986986220196,0.8427110481919058,0.35572554161553765,0.7220461151438968
rs1000044,0.04929797317768344,0.07045501143560046,0.4841093421607615,0.011863648001664596,0.08135142632210819,0.8840539476269758,0.3478395160694862,0.7279607110474879
rs1000133,-0.3046158556144021,0.2992588463414939,0.30872504342121343,-0.45890593209113256,0.3373931911850534,0.173781914505867,0.3421158317429732,0.7322637235444796
rs1000362,-0.059703198369153165,0.06475763425728646,0.35655548274445426,-0.025409858555106957,0.07753275366628548,0.7431153385086108,-0.3394734791143324,0.7342530727625876
rs1000402,0.11000090077792435,0.11397304426847932,0.3344704900141219,0.05000187642024548,0.13542281838919898,0.7119578970019279,0.3389764861845942,0.7346274438972111
rs1000455,-0.03642692971298898,0.06439582827328312,0.5716166382419987,-0.0033121255098913583,0.07680600977598692,0.9656032779444101,-0.3303892520603671,0.7411058616321005
rs1000024,-0.06306482553008941,0.08349308986882328,0.45005107471413586,-0.020296452483031385,0.09898638708967913,0.8375386343911237,-0.3302660680860332,0.7411989295409591
rs1000419,-0.08574122631998735,0.06626781504724907,0.19571403796506615,-0.11959542480634525,0.08035222810327286,0.1366481640416644,0.3250421051794817,0.7451492050415904
rs1000289,-0.034209608168157934,0.06036212760435089,0.5708911108035695,-0.0639874321669393,0.07106564195847694,0.3679079586801235,0.31936354532453026,0.7494508511565479
rs1000407,0.037868575825231475,0.08185274275212479,0.6436204796769474,0.07950544308694929,0.1019585509198759,0.4355192011476636,-0.3184477530811467,0.7501453203059036
rs1000245,-0.02346710354330006,0.07379913261254012,0.7504954274584598,-0.05927485889238881,0.08633220550575293,0.4923409134598208,0.31527506278327366,0.7525528172527574
rs1000203,0.09840734007295558,0.07266876399693523,0.17567565199515345,0.13457115281433418,0.08908672516984845,0.13089970668675205,-0.31456078630516543,0.7530951566991348
rs1000052,-0.028719478488054773,0.061919971066660084,0.6427795190109433,0.0013388842233755325,0.07331397595145428,0.9854295765701616,-0.3132265508275809,0.7541085479846323
rs1000137,0.044443206422549224,0.09938372026912348,0.6547393298632995,-0.004847832386455268,0.12418970223097456,0.9688619230684569,0.30988884434355984,0.7566454864322749
rs1000390,0.012655868344756344,0.06133145758713755,0.8365159698569996,-0.017048335358777946,0.07423529415379393,0.8183616564115763,0.30847588062287046,0.757720250465469
rs1000068,0.11253532991806084,0.06599888282180702,0.08817398204575592,0.14401874870820924,0.07788107092992162,0.06442695130868788,-0.30840446065342114,0.7577745881771585
rs1000200,-0.09153350988513625,0.0629969278205438,0.1462282770482607,-0.06120830078196854,0.07559500175321089,0.4181200108848021,-0.3081725608942557,0.7579510303073116
rs1000057,-0.03494205535304318,0.061973386488058675,0.5728742165757073,-0.0640659124776314,0.07328018452559894,0.3819768382740534,0.30346101176854784,0.7615385555268219
rs1000163,0.08385471920649527,0.160716493694284,0.6018405565271978,0.01196935491571032,0.177031439459497,0.9460949287929125,0.3006468642209182,0.7636837912647829
rs1000308,0.033650326115700034,0.061085235674438514,0.5817194009345041,0.062165428771133256,0.07514787567311357,0.40810028910490237,-0.294446040646973,0.7684170899654976
rs1000375,-0.04663933303200248,0.06138179884491254,0.44736009588377545,-0.07469917185572614,0.07290976146677254,0.3055789614382918,0.2944131217536581,0.7684422413014875
rs1000267,-0.0727784982781874,0.08008582766142516,0.3634787927250839,-0.03617740625733659,0.09573519732439605,0.7055120589324989,-0.2932410077048732,0.7693379414485984
rs1000371,-0.021842726539902945,0.08655184875689637,0.8007583325353186,-0.061099120925634694,0.10677505267951601,0.567171034633086,0.28560768881532483,0.7751786138411316
rs1000189,0.04108203507874386,0.06327468474003603,0.5161671361198658,0.013001632359373098,0.07535454643821878,0.8630134459895806,0.28537829631269945,0.7753543335289572
rs1000364,0.027688337829186446,0.06823989724270574,0.684926305240513,-0.0027105045045441437,0.0833389333044498,0.9740542818161844,0.2822210904075964,0.7777739875458254
rs1000384,-0.06497960725745622,0.08229472658743965,0.42976360076151066,-0.10210328260430405,0.10289132973986745,0.32103122092220304,0.28176563039515645,0.7781232265230325
rs1000283,-0.011117408042652828,0.07789678498773507,0.8865115347439475,0.023086185288947604,0.09554896732881801,0.8090775122980095,-0.27745046325048905,0.7814342377909671
rs1000474,-0.025919973446300003,0.0786555952098766,0.7417494040581586,0.0072102027570983395,0.09229405757685992,0.9377309521209922,-0.273207596791587,0.7846936406587257
rs1000033,-0.013845129702335212,0.0721692098995589,0.8478654916341651,-0.0435296336282784,0.08416536177867277,0.605022286641798,0.26774103260969495,0.7888986630344197
rs1000410,0.005991678748062117,0.0632750216164465,0.9245589653290158,0.03213397940390984,0.07484469246409874,0.6676742640837303,-0.2667379466524944,0.7896709348806057
rs1000348,-0.03722504761487857,0.07913276340142118,0.6380602761097993,-0.0050515881687298245,0.09434032083359876,0.9572965312828966,-0.2612872513798921,0.7938709971154325
rs1000093,-0.13656590757011675,0.08224190146675661,0.09680601332811896,-0.1043073655615038,0.0929465946035902,0.2617650777560445,-0.2599231127084331,0.7949230824885507
rs1000183,-0.01973857362052415,0.06297189161752675,0.7539383896849898,0.005591812047254156,0.07493666381592576,0.9405166552565671,-0.25878388419697607,0.795801992965737
rs1000197,0.00892383711374136,0.06421096314262119,0.8894684459618267,0.03407361700826162,0.0777620229737672,0.6612571684581874,-0.24938718841880048,0.8030612943086022
rs1000278,-0.005229585802589876,0.06457663841638185,0.9354557690021061,-0.030531372283877634,0.07869931388301711,0.6980532850462567,0.24853826496899584,0.803717967465531
rs1000088,0.08028570150278878,0.06830936515014327,0.2398647344312057,0.1058849014101921,0.0785258372956878,0.1775270523443515,-0.24595888423500492,0.805714060531026
rs1000495,-0.04088392849185183,0.06721536361687105,0.5430198662361989,-0.01608531329676002,0.07843541772130043,0.8375118350148972,-0.24007382709321937,0.8102730238955442
rs1000303,0.11632250252028001,0.07081273477913465,0.10044962854744559,0.08981851143661783,0.08551353260628002,0.2935605975497242,0.2387165029786906,0.8113254191397516
rs1000185,0.07908693070475813,0.14987477302600483,0.5977167766228126,0.023515507643651172,0.17839114569338657,0.8951267253313677,0.23851088467305423,0.8114848741736056
rs1000235,-0.14189288001383754,0.061468155281484034,0.020977088516803098,-0.11887949332888274,0.07462747823243093,0.11116644227519269,-0.23802939886273833,0.8118582924101461
rs1000465,-0.0528044350683929,0.06137866415470237,0.38962036815810264,-0.0753844586312384,0.07322357235137696,0.3032397068608824,0.23632628445396495,0.8131794924558895
rs1000477,-0.057486647572445884,0.0667021622299697,0.38877510730908127,-0.0819817410038939,0.07953822400556831,0.3026715370689772,0.23597186939401732,0.81345449879843
rs1000097,-0.08756138717116611,0.06734842304815865,0.19355803558045737,-0.06292801761160863,0.08031744704256426,0.43333868535588893,-0.23501205615383944,0.8141993757975439
rs1000276,-0.12105365692733384,0.0996253779589019,0.22433231676755438,-0.08473439448842396,0.11876148631473285,0.47554644487792974,-0.2342958488255466,0.8147553084054762
rs1000345,-0.032345244364727424,0.0750490293711265,0.6664769670766261,-0.005993063946858646,0.08635660501911158,0.9446720072342446,-0.2303295808419938,0.817835676270575
rs1000363,0.05080844708841812,0.08098386501901017,0.5304037828617131,0.07933229569060275,0.09487309651851145,0.40304588225592897,-0.22867212272473336,0.81912376355471
rs1000120,-0.024304379987382056,0.0679365032799549,0.7205293545882984,-0.0012855380787526532,0.07999948274607749,0.9871790815626951,-0.2193237116926237,0.826397892265254
rs1000077,0.05311063355168814,0.12601483337163386,0.673416769827394,0.0970872076046753,0.15620453911138246,0.534245065218465,-0.21911839526937182,0.8265578215948635
rs1000432,-0.0030568155171548975,0.061752434179449776,0.9605199335337451,0.017633123913108832,0.07173511571457208,0.8058302316556231,-0.21858604047727687,0.8269725279363889
rs1000122,-0.04935017992902064,0.08022666486473468,0.5384659775688739,-0.07626605233591519,0.09380228597194644,0.41618875776131714,0.21806430009398511,0.8273790124416045
rs1000170,0.01833794561641482,0.062143517985348076,0.767924945536542,-0.0025412962061385387,0.0741378333276935,0.9726554727979693,0.21583295026101607,0.8291179630024004
rs1000169,0.024956400744559338,0.07755117103157605,0.7475999753243819,0.00012180005658272049,0.09274765447959543,0.9989521852896005,0.20541790034440374,0.8372456360186189
rs1000414,-0.10778458368509575,0.07587282970355609,0.15543445173437426,-0.08389544062117829,0.08868642657151092,0.3441596223023974,-0.20468246319999459,0.8378202226693299
rs1000286,0.09649575130714266,0.061216270984595554,0.11495463707758538,0.077302799905236,0.07137696012540587,0.2787987713358593,0.2041098656077328,0.8382676449848252
rs1000282,-0.19582154012645836,0.19575899871142038,0.31715592213025257,-0.14001339610366392,0.20547636913564657,0.4956128870046821,-0.19664641844243808,0.8441042431063364
rs1000336,0.038037837070284346,0.07102171835058876,0.5922486093762802,0.017037394204768744,0.07999644161725933,0.8313449798992446,0.19631285042207947,0.8443653039044554
rs1000457,0.06143423188562085,0.06435592077849811,0.3397794676167034,0.04202236264734783,0.07625038952104217,0.5815581765273492,0.1945490591579352,0.8457459858122907
rs1000443,0.015091391538305873,0.06242119273055357,0.8089606232799466,-0.0036757773343111533,0.07437637178468445,0.9605835501901626,0.19327835357476553,0.8467409780365602
rs1000416,0.015580367066877113,0.0993783567174468,0.8754195972918328,-0.013524352317415908,0.11648583170728379,0.907570926216327,0.1900807929767946,0.849245820674928
rs1000051,0.012380248545473718,0.06555610218948524,0.8502106378182992,-0.007425247778096245,0.081138860972814,0.9270851024777641,0.18986677964104456,0.8494135249155468
rs1000096,0.0677761404395757,0.06025773373634385,0.2606861636025154,0.08542148466767491,0.0724246391487848,0.23821769438595708,-0.18728956912319472,0.851433600918458
rs1000307,0.023438290920255136,0.07566140537856142,0.7567292591379109,0.044471719406610974,0.09029139979123994,0.6223408349291284,-0.17854980410049048,0.8582912115001773
rs1000463,-0.06778456732746035,0.12134733489025858,0.5764350434698673,-0.10089451473576726,0.14116011305160958,0.47476211768042287,0.1778682332459235,0.8588264591923227
rs1000422,-0.06944053543767258,0.08335159141344729,0.40478613723338197,-0.046564396201120836,0.09833407127595382,0.6358331922024199,-0.17746201577234222,0.8591454986726381
rs1000101,-0.02142091179480151,0.06129675435249769,0.7267421829085268,-0.038007730432799786,0.07385753080136766,0.6068264605290075,0.17281473979279774,0.8627970506864571
rs1000436,-0.029371951909757128,0.060775486459075,0.6288925604980158,-0.013374467796996031,0.07081852349086094,0.8502060702397031,-0.1714231461786208,0.8638910561293829
rs1000099,0.002903944377324668,0.06471538259921132,0.9642088950511225,-0.01410278078463531,0.07730208949830553,0.8552395934270626,0.16869216317208655,0.866038783320672
rs1000004,0.05781588374358362,0.06706709562737224,0.3886543103401343,0.039903071437705565,0.08292745881041881,0.630388258608942,0.16795342330906787,0.866619921286129
rs1000356,-0.10798997448679748,0.06918905642402885,0.11857198713445291,-0.12581700313087424,0.08098878422693956,0.12030099740305572,0.1673599990308685,0.8670867973653322
rs1000108,0.04944006390413635,0.09105679181532782,0.5871583398586433,0.02582060763457158,0.10985725427360415,0.8141793927655928,0.1655318168766772,0.8685254090009848
rs1000482,-0.012973431642401344,0.08099253045568036,0.8727388157041673,-0.03394595625497811,0.09762707137277064,0.7280576221984907,0.16533371383554396,0.8686813241512825
rs1000401,-0.04226030294292299,0.0639051817370527,0.5084218853186491,-0.02604393424370988,0.07512864945307174,0.7288483980886822,-0.16441357483457614,0.8694055778186971
rs1000067,-0.1473912840800619,0.16813722964293618,0.38069686669589997,-0.1033741993984672,0.21048250759115872,0.6233347548884841,-0.1633930934745012,0.8702089404199573
rs1000238,-0.00716068666255741,0.06170281595535896,0.9076119535253733,-0.02263927626127685,0.0722291425325744,0.7539487772097165,0.16293896279627101,0.870566492867132
rs1000209,0.017342935719411083,0.07981371673971668,0.82798026809048,-0.0020474709323262097,0.093906260574899,0.9826048230494988,0.15733589973234258,0.874980128684913
rs1000050,0.037817145845948856,0.13503540028555097,0.7794364060753047,0.004965246452166471,0.1592610056398375,0.9751285521944423,0.1573345406639133,0.8749811997257797
rs1000118,0.07146134960846778,0.061452424329435124,0.24488113538070988,0.08646807793604737,0.07315406694246485,0.23720585918459092,-0.15707250004118686,0.8751877103193102
rs1000292,-0.006291292408349123,0.06252324194190303,0.9198495318823469,0.00803634344963012,0.07294031040779547,0.9122690148386179,-0.14913746268494485,0.8814451654850328
rs1000469,0.10341594702799373,0.0778182293121606,0.18386696283508697,0.0861308270328921,0.08975654464340142,0.33725406281569614,0.14550550896313438,0.8843117665167843
rs1000275,-0.0018419314168638724,0.08172457846656321,0.9820185768745471,0.016346431924673825,0.09486552819353718,0.8631925571765595,-0.14525901508731012,0.8845063726706623
rs1000115,0.032540212340890454,0.061538450740318475,0.5969590839662433,0.01898003780173465,0.07229485913652618,0.7929078648124995,0.14282948940817602,0.8864248466694786
rs1000471,-0.0235924911062619,0.06159758398672241,0.70171234392528,-0.03704825953759458,0.07399636525353251,0.6165986389112803,0.1397574901749662,0.8888516014961192
rs1000273,-0.055309387678193316,0.0650253147987891,0.39500137510577693,-0.04148684985566669,0.07653044001541368,0.5877523341323789,-0.13764027555663116,0.8905247231571756
rs1000464,0.026500144100247137,0.0650339131187532,0.6836540669929139,0.012634068157608896,0.07876600221899735,0.8725659756018127,0.13574964756694846,0.8920191978790539
rs1000103,-0.001200283877523729,0.06511956962505025,0.9852942248317829,-0.01499119425417853,0.08024224400194152,0.8517984602684503,0.13345043567389928,0.8938371601718382
rs1000300,-0.29466520934477314,0.2624731908440322,0.2615866864350733,-0.2358033213781024,0.3620364355076422,0.5148368204870699,-0.1316315051994419,0.895275764798392
rs1000496,-0.0022449048286774203,0.06037663393157487,0.9703401438205855,0.009929210446595654,0.07344751547898616,0.8924633667527467,-0.1280431017794755,0.8981148634651739
rs1000140,0.012851247005564668,0.06005154474571135,0.8305442466472877,0.024575388771841594,0.07111597230941256,0.7296675625844944,-0.12595926617997819,0.8997641685735345
rs1000252,0.08628042957454343,0.14540959714880547,0.5529393734494557,0.05873177704856945,0.16337727892921203,0.7192318579833139,0.12595706760302947,0.8997659089235077
rs1000409,-0.16679372369279333,0.13381856606352394,0.2126113760930891,-0.19186054962650403,0.15808867652020142,0.22489052196826131,0.12102456839529087,0.9036715754585334
rs1000331,-0.020216679843192784,0.06448266707353378,0.7538847558007613,-0.03228073480871938,0.07698315150682546,0.6749807657654661,0.12013452771540196,0.9043765812873092
rs1000405,0.011647143929296071,0.0722623689773117,0.8719527739937452,-0.0012733103071422406,0.08785065074749976,0.9884358390495311,0.11358410960811037,0.9095674845160269
rs1000270,-0.05508238235172132,0.0616097355611309,0.37129341783625847,-0.06539243627263752,0.0723148475790972,0.365850131336264,0.1085257007471766,0.9135786946621385
rs1000344,0.1330897325323045,0.08915736344649654,0.1355024100414237,0.14750688279287907,0.10672908247489687,0.166950727263929,-0.10366918928062104,0.9174318782660027
rs1000212,-0.013949347665225311,0.07745936337250697,0.8570850456748651,-0.026430944494915502,0.09398299905522302,0.7785331338047472,0.10248474103591206,0.9183719239630903
rs1000060,-0.006051921273968006,0.1041363618456179,0.9536567463208486,0.010003931982458069,0.117842879642158,0.9323471558093586,-0.10209622582584407,0.9186802967164562
rs1000392,0.026196793893021493,0.06017736955845088,0.6633255702412496,0.01668018392992491,0.07270669507225688,0.8185444816362959,0.10083293790283752,0.9196830794167874
rs1000389,-0.052961952396378555,0.06077918592674431,0.3835450376845684,-0.04341072586399316,0.07292080301319645,0.5516340490727255,-0.10061421104841806,0.9198567151708195
rs1000005,-0.03890625246151444,0.09958099411964583,0.6960193102161709,-0.05334351100349687,0.11840777264337281,0.6523450262250939,0.09331509767659665,0.9256532382060894
rs1000144,-0.022304965051175664,0.08180596379230963,0.7851169256630348,-0.03412837021539561,0.09817758745846461,0.7281265231428087,0.09251996495888358,0.9262849295081219
rs1000090,-0.0038242916118908575,0.062350280627607814,0.9510919427905468,0.00467219069437865,0.07154980875012472,0.9479352738422346,-0.089526313233853,0.9286636426054489
rs1000107,0.05572711300567584,0.06249288114130168,0.3725347860478272,0.04752727683512792,0.07223348255031671,0.510559078146808,0.08584904660959276,0.9315864168082473
rs1000242,-0.0228097745802955,0.06362614123980116,0.7199714851805803,-0.031109129888124674,0.07688569747954588,0.6857603071320321,0.08316130758861699,0.9337232782009997
rs1000217,0.06083179174496047,0.06635926579845765,0.35929786939131403,0.05266218553080149,0.07915765353259546,0.5058699516330689,0.07909141929525279,0.936959908544067
rs1000397,0.027268524874425923,0.07070540487818767,0.6997455738618308,0.018974881635894694,0.08035248051480672,0.8133197204586665,0.07748775962224945,0.9382355284024924
rs1000265,-0.06872078752888482,0.06380716324103114,0.28147695593696953,-0.0763149114560438,0.08066975655985245,0.344140229295147,0.07383395227336804,0.94114251073774
rs1000379,-0.014481411399636431,0.06865544337110385,0.8329428178361722,-0.022000150328294055,0.0806805476996486,0.785097508365425,0.07097281947657572,0.9434193878400687
rs1000239,-0.0032846326574032143,0.07420614375435568,0.9646942691046043,0.005049637503928526,0.09163251827459554,0.9560528341046877,-0.0706825512698503,0.9436504081687735
rs1000224,0.053502317457219804,0.06642532218175201,0.42055968629505425,0.04656182891717405,0.07843050009827453,0.5527329038642943,0.0675278146047613,0.9461615197046851
rs1000126,0.014662123212056745,0.06909372649673536,0.8319461014737006,0.021809751118760413,0.08198308411743356,0.7902180655770359,-0.06666597777442645,0.9468476198356623
rs1000314,-0.04987842628618154,0.06712718524341167,0.45745527593568935,-0.04379144579278953,0.07986982376449213,0.5834960580099555,-0.058342193188485596,0.9534760594281855
rs1000440,0.029992017789695572,0.08528615380616017,0.7250907210203066,0.03742411729885474,0.1015153056753594,0.7123849511317795,-0.056054873764448364,0.9552980928983812
rs1000198,-0.024332880264781902,0.060020515232597986,0.6851766123850345,-0.019427179809962638,0.07271285886709493,0.7893331347693939,-0.0520306650273968,0.9585042593402455
rs1000319,0.007450236139173144,0.06676879489617692,0.9111543642231004,0.0020701928902122886,0.08002036140776865,0.9793603692982382,0.051623121093569736,0.9588289959320568
rs1000053,0.09733507983366547,0.06997599862702863,0.16423207552484054,0.10286560447585204,0.08282678626621102,0.2142600121252155,-0.05100580513204817,0.9593208947449625
rs1000091,0.002673263465384705,0.07992914547162427,0.9733193937257938,-0.003556641210823811,0.09432825007816108,0.9699229355471484,0.050388050399667254,0.9598131586907237
rs1000279,0.005762747421045768,0.08159624721010225,0.9436960914140295,0.011261490423106806,0.09463612724066794,0.9052771030886384,-0.04400551537658377,0.9649000074933631
rs1000160,-0.05888538615087876,0.06779775650147056,0.3850961800066739,-0.0631365321564917,0.08160940000704045,0.43914200060437825,0.04006838391175328,0.9680386075340683
rs1000176,0.022485819141462172,0.07566311851431369,0.7663265316309027,0.02680815335687433,0.08639225302215206,0.7563272224529924,-0.03763744789773802,0.9699767499583332
rs1000003,-0.06973950364599006,0.06123356171514012,0.25474077688512353,-0.06656278066852415,0.07416733101281336,0.36946942523874404,-0.03302938200207793,0.9736511569695663
rs1000250,-0.013032257620889016,0.06236862397364549,0.8344830950628164,-0.010209150502888988,0.07465053519695755,0.891221102154133,-0.029021731312478496,0.9768472588116786
rs1000092,-0.04702191946254473,0.0585279347618522,0.4217378819444666,-0.04450340855961705,0.07104730773538905,0.5310583782145513,-0.02736018974447212,0.978172450334011
rs1000374,0.1390478268410914,0.08805643700949081,0.11431857242585289,0.14192921683418713,0.10256558742621581,0.16642281785144186,-0.021315207303112062,0.982994212921676
rs1000142,0.11963872589671053,0.06772983249324502,0.07732690921020285,0.11744045587244906,0.07999891032864866,0.14209724363885284,0.020971929792372085,0.9832680475304325
rs1000063,-0.00952342327945234,0.09407723854399247,0.9193680139252124,-0.012434826605380825,0.11395057291688059,0.913103552640409,0.019702584156284966,0.9842806293222188
rs1000040,-0.01541799082765487,0.06769981492579807,0.8198479722616109,-0.013347121945612902,0.08142499085805174,0.8697947271440879,-0.019556268720183213,0.9843973496604088
rs1000249,0.01239767209062145,0.06324041631283131,0.8445785995364969,0.012069992743053279,0.07621502971658513,0.874167128512001,0.003308697384400984,0.9973600462574246
rs1000387,0.01832752816611887,0.07997401201891044,0.8187379176078129,0.017927759309760843,0.09765171949777192,0.8543360717007066,0.003167217477511753,0.9974729302989407
rs1000351,-0.11360661424535068,0.08913498002526232,0.2024700526643558,-0.11357388523288449,0.10812933586683882,0.2935562161756686,-0.00023355832622032094,0.9998136474191561
rs1000396,0.1141769067991289,0.07972939083130387,0.1521279594727789,0.11417296376322741,0.09095571970253591,0.20938484143345948,3.259963544175492e-05,0.9999739892541979
