snp,beta,se,or_,p,n,neglog10p
rs1000367,0.16971347702183417,0.052312753293180435,1.1849652828937323,0.001177775143413549,4000,2.9289376155726816
rs1000326,0.21976676768825124,0.07541733433702177,1.2457861391198668,0.003568199729826854,4000,2.4475508440005247
rs1000149,0.15968969558423796,0.05661513441721912,1.173146781878748,0.004793116685563012,4000,2.3193819982397392
rs1000235,-0.13302260001819574,0.0474093469156163,0.8754453068053347,0.0050187056691109524,4000,2.299408273540735
rs1000491,0.13563632412280818,0.05004407970057565,1.1452653124820682,0.0067214863407630875,4000,2.172534679592794
rs1000310,0.12818988296007094,0.049128633779500754,1.1367688352363021,0.009073555032901151,4000,2.0422225223472767
rs1000287,-0.12283678169471482,0.04856726525029231,0.8844080023563773,0.011431981336019845,4000,1.9418784932505193
rs1000068,0.12476813095950946,0.05029359386561802,1.1328857414807991,0.01310894864819909,4000,1.8824321377984696
rs1000446,0.11407859989056765,0.047392606405865484,1.1208402193405844,0.016079899060486392,4000,1.7937166818071792
rs1000139,-0.13517620943112166,0.057159905024368025,0.8735619682678135,0.01803600480357448,4000,1.7438596576987109
rs1000437,0.11371026907951465,0.048758957811539806,1.1204274553750435,0.019695966552276938,4000,1.705622701931742
rs1000448,0.11441577709764843,0.04939939748909379,1.1212182048357913,0.02055078436390681,4000,1.6871715977092874
rs1000142,0.1193230833942408,0.0516251683678137,1.1267338884979237,0.020814331624768985,4000,1.6816375303133615
rs1000274,0.107168000183399,0.04658303461888675,1.1131212433448312,0.02141537967403269,4000,1.6692742215767447
rs1000084,0.10640654971174801,0.04688370473862493,1.1122739792648357,0.02323277886757173,4000,1.6338988412254158
rs1000356,-0.11666705905184614,0.05252993024815789,0.8898814218116738,0.026353431979280858,4000,1.5791628190621734
rs1000281,0.09780667203002301,0.04676106914582333,1.1027495721629796,0.03647197714233516,4000,1.4380406929864193
rs1000374,0.13880961336799147,0.06674616644897918,1.1489053429613145,0.03755634321638387,4000,1.425316700704636
rs1000344,0.14204755871717203,0.06834303617520972,1.1526314649073397,0.03766796499239922,4000,1.4240278418738392
rs1000148,-0.16007296453463704,0.07811653716175984,0.8520816149594819,0.04044687089117714,4000,1.393115071264574
rs1000093,-0.12442026691126944,0.061553225063702484,0.8830086635677805,0.04324412576022775,4000,1.3640728783305769
rs1000286,0.0920354946108198,0.04637902427777221,1.0964037378141385,0.04720896320953494,4000,1.3259755373218103
rs1000320,0.0961883585952731,0.048580444608992586,1.1009664209531267,0.04770566068038487,4000,1.3214300851864254
rs1000203,0.11081597340807911,0.056186436367288504,1.1171892953974882,0.0485764560740367,4000,1.3135741726027708
rs1000154,-0.09167786705088493,0.04665779202707064,0.9123990159963085,0.049425883461112395,4000,1.3060455591643758
rs1000419,-0.10008552653362901,0.05104210592913286,0.9047600337373497,0.049897407861986945,4000,1.3019220151075903
rs1000396,0.11727571033783762,0.0598577054823105,1.1244294037678317,0.05008449223809556,4000,1.3002967247912365
rs1000303,0.10576421415490082,0.05448106055365289,1.1115597555491992,0.05222160738780235,4000,1.2821497646672444
rs1000369,0.12334495195256258,0.0635726717117185,1.1312745890273694,0.0523529916941992,4000,1.2810584956631104
rs1000195,-0.1610055482155742,0.0832816459618829,0.8512873479683265,0.053203476912927594,4000,1.2740599850967353
rs1000377,0.08992126097329088,0.04666082689897803,1.094088132878822,0.05396401395813441,4000,1.267895754051397
rs1000230,0.3056647066195129,0.160358526497522,1.3575270603944642,0.05663293000037558,4000,1.246930968832989
rs1000184,0.13044195081327553,0.0700978325098596,1.1393318006894764,0.06276455790582627,4000,1.2022855258646763
rs1000313,-0.08548474314117549,0.04594661511478807,0.9180671497682048,0.06281153996565651,4000,1.2019605587629651
rs1000423,0.09438673340701512,0.05195963389671281,1.0989846778329095,0.06928763665558013,4000,1.159344251842299
rs1000001,-0.08588938977037934,0.047430033915519726,0.9176957321421815,0.07016174700230625,4000,1.1538996057307338
rs1000087,0.11481795789326586,0.06368821182850679,1.121669227955812,0.07141753440285907,4000,1.146195147334452
rs1000211,0.09977596746691053,0.05543801234909301,1.1049233515678858,0.0718961194483863,4000,1.1432945497789166
rs1000088,0.09212281075891517,0.05150169635211835,1.0964994757449547,0.07365774140728398,4000,1.1327816021983477
rs1000053,0.0949757460917535,0.053340936095074516,1.099632184424564,0.0749873970166646,4000,1.1250117214888944
rs1000441,-0.09203549281412328,0.052050760564808236,0.9120727769410575,0.07702959974976024,4000,1.113342358752092
rs1000223,-0.08663395344675319,0.04910250845586959,0.9170127035447614,0.07767326722147548,4000,1.1097284264482115
rs1000138,0.10469011406820031,0.05969583577206117,1.110366470088123,0.07947754063721872,4000,1.0997555802161008
rs1000411,-0.10242481189226336,0.058757534578184265,0.9026460154474045,0.0813026154298242,4000,1.0898954833300356
rs1000010,0.12817697477910492,0.07353872311393833,1.136754161713165,0.08133603673226003,4000,1.0897169933187467
rs1000030,-0.10637862816937524,0.06152929358856805,0.8990841650302359,0.0838251540257816,4000,1.0766256398975251
rs1000118,0.0810283976650432,0.04694051025683384,1.084401690605501,0.0843126301313784,4000,1.0741073626765816
rs1000325,-0.11002359860168227,0.06379164369202446,0.8958129951130364,0.08457547215642847,4000,1.0727555690131227
rs1000409,-0.17383845034041231,0.10209375353447825,0.8404326583019484,0.08861795988515156,4000,1.052478252282512
rs1000330,0.08190437599068624,0.048122071704061686,1.0853520191555994,0.08875299223373705,4000,1.0518169961467347
rs1000355,-0.08891715583897171,0.0523024194729494,0.9149213663279154,0.08911998329804918,4000,1.0500249035613445
rs1000351,-0.11545073893543707,0.06868859822099738,0.8909644610139026,0.09280475856700263,4000,1.0324297547465786
rs1000469,0.09840748357128003,0.05873160092231381,1.1034123159051599,0.09382720512203062,4000,1.0276712200289098
rs1000324,-0.12448431016069617,0.07455672854420056,0.8829521146345017,0.09498685706217959,4000,1.022336482082129
rs1000255,-0.10501585633121986,0.06296623011321291,0.9003102468556108,0.09535298311413543,4000,1.0206657155205232
rs1000096,0.07708138498417624,0.046241819928306734,1.080129979176832,0.09553044026429465,4000,1.0198582207477749
rs1000007,0.14929112057916477,0.0903402619501029,1.1610109341909076,0.09842401268470284,4000,1.0068989330298443
rs1000133,-0.36829889362011053,0.22316756616878566,0.6919103431916482,0.09887659162245119,4000,1.0049065125735652
rs1000002,0.08748582804050342,0.05347977696833098,1.0914267966769917,0.10186732514072656,4000,0.9919650975117585
rs1000020,-0.11623171375949977,0.07143377566839579,0.8902689118392658,0.10371045868760005,4000,0.984177444948681
rs1000237,-0.08223200220163576,0.05073567952649857,0.9210582463654501,0.10506217568148456,4000,0.9785536098466409
rs1000262,0.12653833502824852,0.07825729333616373,1.1348929564957235,0.10588850992432158,4000,0.9751511630954731
rs1000414,-0.09227444574162263,0.05753038450746673,0.9118548605178355,0.10873049435904089,4000,0.9636486373805093
rs1000200,-0.07732933365572761,0.048332419240963334,0.9255849771220053,0.1096102290969483,4000,0.9601489145280794
rs1000470,-0.1322732119090302,0.08383504945079433,0.8761016009872938,0.11461630372657611,4000,0.9407536012615846
rs1000097,-0.08073382420987349,0.051501306400796004,0.9224391897504813,0.11697280589272412,4000,0.9319150923005133
rs1000361,0.11319476042169688,0.07226992812547779,1.1198500141720986,0.11728367232266218,4000,0.9307624440970567
rs1000481,0.10995096103713946,0.07032175080832392,1.116223330682234,0.1179253315502167,4000,0.9283928940500182
rs1000111,0.07294335754725652,0.04670379656739633,1.0756696066242384,0.11832820916000722,4000,0.9269117082706333
rs1000497,-0.0722094492100925,0.046431666537535665,0.9303360172594032,0.11990397510809421,4000,0.9211664187452436
rs1000113,0.07926101930910262,0.051526555306539074,1.0824868351638517,0.1239860977137516,4000,0.9066270085852411
rs1000236,0.08574179906182856,0.056209651760016965,1.0895249756130627,0.12716114919823476,4000,0.8956455558736791
rs1000492,0.07160265600926861,0.04714000251862113,1.0742284210440076,0.12877855746433403,4000,0.8901564440426871
rs1000269,-0.07056638182209395,0.04676338230464787,0.9318658785176366,0.13129638964234203,4000,0.8817472158752278
rs1000216,-0.08902823259184378,0.05915615618376244,0.914819745477372,0.1323318236202374,4000,0.8783357025948865
rs1000229,0.11640153900999309,0.07787331366131667,1.1234468893284166,0.13497834734435915,4000,0.8697358936017956
rs1000284,0.07117597834140801,0.047739466427567434,1.0737701695363615,0.13598110793186824,4000,0.866521424650829
rs1000473,-0.06957459894063264,0.047482456418688625,0.9327905456024668,0.14284738277069892,4000,0.8451277122896808
rs1000479,0.0676820508348936,0.04629307506784479,1.0700250408193603,0.1437318864071907,4000,0.8424468744927595
rs1000003,-0.06816294137369493,0.047156657375665115,0.9341082562938434,0.14832943853963798,4000,0.8287726471743521
rs1000207,0.07793479567631194,0.05412597520372251,1.0810521670965034,0.1499019457690041,4000,0.8241927298518066
rs1000323,0.07014655050728964,0.04899873137042032,1.0726653693899708,0.15225852438863732,4000,0.8174183834812179
rs1000477,-0.0717926161353238,0.05102936046198686,0.9307238929161307,0.1594604789315185,4000,0.7973469358590962
rs1000205,-0.12063322413862733,0.08654506487881414,0.8863589950655497,0.16335458072128983,4000,0.7868686827123496
rs1000265,-0.06951417636317928,0.049945490972394015,0.9328469089142474,0.1639827150995875,4000,0.7852019271503888
rs1000340,0.06765459241946788,0.048736767985526376,1.0699956600306504,0.16508732647811375,4000,0.7822862656341464
rs1000276,-0.10546112274310729,0.07622512830666094,0.8999094581778979,0.16649690440155995,4000,0.7785938367151299
rs1000373,-0.06433813853608417,0.046561731725157804,0.9376878775119577,0.16703880747545208,4000,0.7771826191847728
rs1000412,-0.09360896212108388,0.0684729437688163,0.9106387868863519,0.1715957909208552,4000,0.7654933691811688
rs1000472,0.06249992019921984,0.046316775155254286,1.0644943739703745,0.17720807858648013,4000,0.7515164833205481
rs1000025,-0.06657000404097195,0.0499108079565393,0.9355974179638186,0.18227618675789492,4000,0.7392700654929621
rs1000346,0.06190828239007999,0.046465598704911286,1.0638647651196829,0.18274632125804036,4000,0.738151356769084
rs1000102,-0.06400812654829897,0.048693120426557025,0.9379973768187694,0.18867095524769006,4000,0.7242949516979688
rs1000366,-0.0883448816110487,0.06855720336474183,0.9154451020923876,0.19752668455752853,4000,0.7043742257425564
rs1000383,0.08024128989604812,0.06237451052492287,1.083548485436372,0.19828829020550387,4000,0.7027029320341903
rs1000114,-0.06311612484468603,0.0491829288063747,0.9388344453546539,0.19938932606149684,4000,0.7002980945532993
rs1000270,-0.06003455380183491,0.04686951969476129,0.9417319926013906,0.200233394644297,4000,0.6984634897924048
rs1000300,-0.2694044101316095,0.21187536333971532,0.7638342908520716,0.2035426293914161,4000,0.6913446195070947
rs1000465,-0.05945287035485236,0.0469586550139744,0.9422799418640386,0.20548858616431132,4000,0.687212295946167
rs1000343,-0.07360619307747733,0.058354066753312415,0.929037483203537,0.20717480712084557,4000,0.6836630568109978
rs1000165,0.067409343943144,0.05377621693438828,1.0697332774011399,0.21001800969783824,4000,0.6777434615659722
rs1000266,0.06816731330881104,0.05440124076024587,1.0705444098227739,0.2101885906335379,4000,0.6773908618538153
rs1000384,-0.07986336404227214,0.0641620105406026,0.9232424858901183,0.21323683343222732,4000,0.6711377753738661
rs1000157,0.05763248581181833,0.046434542668711005,1.059325606971261,0.21454832781817756,4000,0.6684748659934313
rs1000282,-0.1723597539097458,0.14154714161581688,0.8416763223481777,0.2233439067966062,4000,0.6510258913260479
rs1000076,-0.06749970044628635,0.05574851746742052,0.9347280006172294,0.2259762220333018,4000,0.6459372563526454
rs1000131,0.06930381974241916,0.057257059153026146,1.0717617820766654,0.22612627691449405,4000,0.6456489677038143
rs1000302,0.06055796503787277,0.05010036490337391,1.0624291795331362,0.22676543413204397,4000,0.644423144266695
rs1000357,0.062054725524611574,0.051552890036130325,1.0640205722187663,0.22870171386655525,4000,0.6407305808239524
rs1000338,0.05505450089595547,0.046405245361496344,1.0565981986547823,0.23547017461544872,4000,0.6280640941411583
rs1000376,0.053844212848695956,0.04552415017440424,1.0553201840231137,0.23690367671558343,4000,0.6254281990286134
rs1000375,-0.05446782198338545,0.046892644373342375,0.9469889805947137,0.24542115421231225,4000,0.6100880057421899
rs1000174,-0.0768839357036649,0.06620724365956134,0.9259973225973738,0.2455354937386719,4000,0.6098857189355382
rs1000160,-0.060157766844068476,0.052071680135040384,0.9416159660857504,0.24797266839918486,4000,0.6055961845671165
rs1000217,0.05855265772721158,0.05080014932082753,1.0603008172558002,0.2490713244326217,4000,0.6036762698843839
rs1000136,-0.06418860766435283,0.05574574495202826,0.937828101281324,0.24954590268192955,4000,0.602849556462002
rs1000190,-0.059517148083416516,0.051851776821518814,0.9422193761962366,0.2510377698883447,4000,0.6002609318255256
rs1000334,0.05258306154332396,0.04646748297393892,1.0539901044875102,0.2577984961729265,4000,0.5887196203639371
rs1000036,-0.054492163682224766,0.04828048402882208,0.9469659295546958,0.2590420534275649,4000,0.5866297259226742
rs1000264,0.0602148672188368,0.053399591681928586,1.062064724924124,0.25947711623367686,4000,0.5859009373595104
rs1000296,0.06945733125490039,0.06215550540960052,1.0719263224779514,0.26379054153669546,4000,0.5787407805563836
rs1000489,0.05299603888291137,0.04750315836243129,1.054425468408342,0.26457973096401755,4000,0.5774434294896128
rs1000107,0.05229869921087564,0.04721441056911661,1.053690432012822,0.2679978354010303,4000,0.5718687137218997
rs1000378,-0.06313754586372276,0.05736347575393303,0.9388143347795228,0.27104570395974326,4000,0.5669574718416543
rs1000017,-0.09733544933261894,0.08892510805805286,0.907251618132931,0.2737016449065527,4000,0.5627225925361956
rs1000082,0.05104172039045683,0.04694099710177228,1.052366797521043,0.2768781389015017,4000,0.5577113329118648
rs1000299,-0.05138592616400671,0.04742086721479718,0.9499120038880476,0.2785358820644367,4000,0.555118849399461
rs1000014,-0.05304028683670895,0.049197019189826816,0.9483418060212112,0.28098023899079205,4000,0.5513242224402339
rs1000150,-0.0691345983727376,0.06414065992830789,0.9332010642798615,0.28109660967060235,4000,0.5511443924225435
rs1000129,0.05237421565232812,0.04874550663803962,1.0537700059691733,0.2826246635476648,4000,0.5487899416549149
rs1000256,0.07474704329260656,0.06957248476162997,1.0776115273413027,0.28265396668737575,4000,0.5487449153927865
rs1000442,0.05170025187019413,0.04860726633468129,1.0530600424221832,0.287495365896308,4000,0.541369151259158
rs1000459,0.05801207918807398,0.05476345606464096,1.0597277962843357,0.2894536130412231,4000,0.5384210250777515
rs1000457,0.05200989189183996,0.0491167656957485,1.0533861624438128,0.2896439453924804,4000,0.5381355453976826
rs1000454,0.04962553471487645,0.046872542808945115,1.0508775055428285,0.28972113351480655,4000,0.538019824319511
rs1000389,-0.04923055435264757,0.046609170243754265,0.9519616254993406,0.29085775344430065,4000,0.5363193546498868
rs1000257,0.08524885269341906,0.0807193133597777,1.0889880305864663,0.2909158192755438,4000,0.5362326622617749
rs1000079,-0.05194971380994172,0.04967989301598072,0.94937660617502,0.29570467877521633,4000,0.5291418038127965
rs1000072,0.04820321089186707,0.046141906818739926,1.0493838798931034,0.2961740609210467,4000,0.5284529798868788
rs1000031,0.047385780556045566,0.04559509214914714,1.0485264321753895,0.29867745828474357,4000,0.5247975531306015
rs1000273,-0.051200776075553164,0.04948443720457628,0.9500878964623509,0.3008163156441631,4000,0.5216986122224633
rs1000421,-0.05302059088161055,0.051672707555350965,0.9483604847027871,0.30485151322269854,4000,0.5159116448846828
rs1000293,0.04872844959952733,0.04750146652091959,1.0499352017011203,0.3049715220924766,4000,0.5157407127041038
rs1000158,-0.05021755524526265,0.04905338404867388,0.951022502059313,0.3059615269761242,4000,0.5143331802910907
rs1000067,-0.1339393968440087,0.13107632091168475,0.8746430691275521,0.30685530111211234,4000,0.5130663696137078
rs1000308,0.048194676264875336,0.047319196360760464,1.0493749238313357,0.3084396502756763,4000,0.5108297979717099
rs1000363,0.062580079948386,0.06153611642200838,1.0645797069924718,0.3091700541421277,4000,0.5098025779834983
rs1000347,0.05459525380556193,0.05405465895336635,1.0561130704117287,0.31249486227666434,4000,0.5051571184902623
rs1000034,-0.04839739695734302,0.047930119413589746,0.9527550898621236,0.31261549185159176,4000,0.5049895040553082
rs1000422,-0.06370385236507427,0.06351344019522104,0.9382828286300738,0.3158618347668136,4000,0.5005028462426808
rs1000041,-0.04924734554674131,0.04931030332443135,0.9519456410611162,0.31792878287435244,4000,0.4976701525581789
rs1000057,-0.04696573851714174,0.04725397598510737,0.9541200865993728,0.3202714329414471,4000,0.49448179711259266
rs1000166,-0.04535102673766946,0.04595555924858868,0.9556619600478359,0.3237184930991933,4000,0.48983248990381606
rs1000092,-0.044280721979713354,0.04512596779699361,0.9566853571663791,0.3264600107881037,4000,0.4861700093588809
rs1000224,0.048727202374875565,0.05060558873842755,1.0499338921968706,0.3356068241794067,4000,0.47416921687394553
rs1000032,-0.10786502634052646,0.11227312396119415,0.8977487606887773,0.3366840548694273,4000,0.4727774510196846
rs1000122,-0.05835710662171331,0.06089916006755443,0.9433130239543732,0.3379326827153797,4000,0.4711698039737051
rs1000468,-0.06536529688618649,0.06823143673922813,0.9367252180652642,0.3380658588982858,4000,0.47099868620186125
rs1000179,0.049265860769221875,0.05159865572260973,1.0504996002494282,0.3396840988288886,4000,0.46892478269282944
rs1000402,0.08307290958335488,0.0870668393940771,1.0866210307467905,0.34001885298621515,4000,0.46849700201396877
rs1000438,-0.04540358363664833,0.04763374881264733,0.9556117347385985,0.3404983787276151,4000,0.4678849516258707
rs1000314,-0.0489263479669299,0.05133921434488918,0.9522512623572329,0.3405893137832864,4000,0.4677689824384708
rs1000404,-0.045408655182134904,0.04824253561591788,0.9556068883225077,0.3465728453080432,4000,0.46020546815086866
rs1000004,0.048711059465332746,0.05202869849416422,1.049916943345825,0.34915249399481696,4000,0.45698485144820167
rs1000289,-0.04265207871163495,0.04591163984212846,0.9582447258159414,0.3528872204759772,4000,0.4523640689771206
rs1000306,0.045304305116746664,0.048856921202033776,1.0463462199755886,0.35377842158629536,4000,0.4512686600407507
rs1000254,-0.046739669811519065,0.050484892509454406,0.9543358076753323,0.35454214025593234,4000,0.4503321379338194
rs1000365,0.04433552002996888,0.04805039381175096,1.0453330262248117,0.35616984001029783,4000,0.44834285879658303
rs1000147,0.04246272362886326,0.04609147517771744,1.0433771623344295,0.3569091367254873,4000,0.4474423341438873
rs1000009,0.05217627778833742,0.05663576142696079,1.0535614456267295,0.35691454995772254,4000,0.44743574725994684
rs1000220,0.046592515948458854,0.05058452554793426,1.047695003081862,0.3570074108312149,4000,0.447322768622547
rs1000027,0.05105520467285253,0.055472499578013104,1.0523809880277988,0.35737962639400167,4000,0.4468702095160646
rs1000081,-0.04277911249428107,0.04668002269685886,0.9581230040952694,0.35943984198046675,4000,0.4443737853426585
rs1000078,-0.04251645988941274,0.04655499953064836,0.9583746906496969,0.36110986892758423,4000,0.4423606423895003
rs1000234,0.0427098615783698,0.04690067397241011,1.043635052292776,0.3624824820602198,4000,0.44071297703344287
rs1000110,0.04235734111426442,0.046604860275501744,1.0432672144187833,0.36342348883474984,4000,0.43958700674275447
rs1000267,-0.055471275485289434,0.061358147534469366,0.9460391977970048,0.36596506795170636,4000,0.4365603668455698
rs1000424,0.04478464411018987,0.04965811717470882,1.0458026159028624,0.3671315143950148,4000,0.4351783342636076
rs1000349,0.04146181199110907,0.04633731630576771,1.0423333564559503,0.3709034562246337,4000,0.4307391197253314
rs1000228,-0.0907143696362786,0.10154998880392903,0.9132785337278004,0.3716977788399394,4000,0.42981003411664953
rs1000006,-0.04210593178007517,0.04713895451076849,0.958768211169577,0.37173397646955486,4000,0.42976774259304934
rs1000449,0.043473389719075176,0.048682028404207364,1.0444322013079543,0.3718534506552338,4000,0.42962818407410724
rs1000487,-0.04787328175283923,0.05383097448222406,0.9532545741731158,0.37382793668220327,4000,0.427328246313089
rs1000463,-0.08148518614362932,0.09187408187991696,0.921746364371001,0.3751206518477861,4000,0.4258290255943015
rs1000483,-0.058548358866569554,0.066672399975364,0.943132630471819,0.37986239655186715,4000,0.4203736961223473
rs1000444,-0.045410968175522884,0.05173418715330436,0.9556046780126497,0.3800659174764297,4000,0.42014107413690227
rs1000362,-0.0435471521458259,0.049657049073302796,0.957387410155883,0.380509388710372,4000,0.41963462295437415
rs1000353,0.04506218142101793,0.051663886789841795,1.046092905429761,0.3830893622589674,4000,0.41669990746973706
rs1000105,0.04707516233475636,0.054139301138746695,1.0482007913376596,0.3845632057521924,4000,0.4150322705479019
rs1000043,-0.04195301297034225,0.048526370896074006,0.958914836073806,0.38729104195699504,4000,0.411962548130463
rs1000022,0.041043224019841444,0.04753210179012119,1.04189713955483,0.38787124346740187,4000,0.41131241752902487
rs1000407,0.05429973834197682,0.06376459260116056,1.0558010187784401,0.39445519756884073,4000,0.4040023170517223
rs1000023,0.03916834338402743,0.046329286342047,1.0399455368660993,0.39786869427239147,4000,0.40026023134776967
rs1000227,0.04333118937270122,0.051738936801518025,1.0442836932463633,0.40231342524070224,4000,0.39543547473504786
rs1000460,-0.04329597256781139,0.05198415632495698,0.9576279165254421,0.40491882877418994,4000,0.39263202801645297
rs1000435,-0.0383124671160245,0.046362531934939374,0.9624121717476803,0.4085959288202391,4000,0.38870596491775
rs1000327,0.037702866187350643,0.04665832413098998,1.038422636556426,0.41905430589541515,4000,0.37772969249323823
rs1000368,0.03960318654149512,0.04929081985688862,1.0403978484021055,0.4217090901466406,4000,0.37498703745329637
rs1000342,0.05515680775610606,0.06887483826431702,1.0567063014286608,0.42323199371868003,4000,0.373421509757633
rs1000012,0.037051484748943354,0.04666648296173259,1.0377464475781346,0.4272166729749488,4000,0.3693518064483236
rs1000480,0.041779281614177925,0.053303883283490595,1.0426643181661013,0.4331607999580558,4000,0.3633508529059417
rs1000145,0.057361738902804375,0.07328972420383424,1.0590388366603736,0.4338203588310078,4000,0.3626900707623651
rs1000037,-0.03827515156226893,0.049081977933874664,0.9624480853608742,0.43549631031944225,4000,0.3610155201389685
rs1000181,0.045160780273120094,0.05800776054792394,1.0461960540745139,0.4362566435964914,4000,0.3602579462669719
rs1000426,0.04854804843286903,0.06266564756541275,1.049745809249641,0.43850779045261323,4000,0.3580226866296915
rs1000026,0.04196692518877438,0.05440796599648056,1.0428599857831777,0.44050668472210175,4000,0.35604749675047115
rs1000232,0.058921274176138634,0.07738745727695479,1.0606917336225263,0.4464300374757074,4000,0.35024659213705833
rs1000315,0.045737457136002586,0.06015563536122534,1.0467995451258763,0.44706408024612476,4000,0.3496302224996049
rs1000395,-0.04113493606313214,0.05416671289249466,0.9596996231214914,0.44760520674814697,4000,0.3491048702025865
rs1000074,0.03847093438520439,0.05071213176443364,1.039220522335618,0.448083480558815,4000,0.3486410668756116
rs1000498,0.035162955912028865,0.0464099116857266,1.0357884829047814,0.4486542641885143,4000,0.3480882001859509
rs1000151,-0.03491341993611935,0.046649273071516985,0.9656890220554349,0.4542046525511504,4000,0.3427484214880523
rs1000187,-0.06547128037631272,0.08821129492572183,0.9366259459180617,0.45796028122995935,4000,0.3391721866045662
rs1000399,0.05857041619376122,0.07946365783120188,1.0603196467395868,0.4610787263596986,4000,0.3362249151645191
rs1000039,-0.03421843668450256,0.04656162765943912,0.9663603930207992,0.46239651969043827,4000,0.3349854433698071
rs1000475,0.037896955671705715,0.05191645140615868,1.0386242030308315,0.46541436666227853,4000,0.3321602148055202
rs1000077,0.07107324055858726,0.09790758480024403,1.0736598584365402,0.46788677175850324,4000,0.3298592331439987
rs1000484,-0.03508704354346429,0.04836456230132361,0.9655213701984335,0.4681636854203478,4000,0.32960227674194
rs1000430,0.05087490316564103,0.07018847064537045,1.0521912592542024,0.4685546330873449,4000,0.3292397634420644
rs1000458,0.039064425858289176,0.05400884987800495,1.0398374739139202,0.46949758601201164,4000,0.32836663637839836
rs1000451,0.035781251204184385,0.049667337642734975,1.036429104073548,0.4712675819749039,4000,0.3267324338954489
rs1000128,-0.04094063378401949,0.05696709227367441,0.9598861130626509,0.47234325949630007,4000,0.325742277797876
rs1000069,-0.0346343664515151,0.048374607228013816,0.9659585385450925,0.4740149930594951,4000,0.324207921406027
rs1000486,0.03291157309472903,0.0460204196581416,1.03345914960639,0.4745154214841599,4000,0.32374966868107147
rs1000008,0.03655746991761655,0.05154806724088009,1.0372339120523737,0.4782054213748369,4000,0.3203855046321434
rs1000341,-0.050653633229784945,0.07172974935475786,0.9506078724953626,0.48008037740232623,4000,0.3186860448328545
rs1000401,-0.03429389498063412,0.04861666499135493,0.9662874758632297,0.4805651895443981,4000,0.31824769116073764
rs1000439,0.03429879528844028,0.048828059526890316,1.0348937819218464,0.4824046393893676,4000,0.31658852414420474
rs1000045,-0.045498838725991794,0.06485956322310188,0.9555207121926775,0.48299242810648013,4000,0.3160596776487975
rs1000450,0.034690889999046536,0.04946559497487221,1.0352996378615613,0.48310738481927884,4000,0.3159563238015161
rs1000245,-0.03912370894280181,0.05600181601835359,0.9616317393418654,0.48479266424534617,4000,0.3144439604215362
rs1000252,0.07566653011041496,0.10853814149100602,1.0786028326116337,0.4857137413778364,4000,0.3136196096829255
rs1000146,-0.0356651821854345,0.051411408828390605,0.9649633263135843,0.48785709318925263,4000,0.31170737621147626
rs1000400,0.034017041569374046,0.0490382811135882,1.0346022378236972,0.4878807785616466,4000,0.31168629180585394
rs1000065,0.06582665911374985,0.09526790543248978,1.068041565847734,0.48958838837640706,4000,0.3101688909520642
rs1000044,0.03670203217898385,0.053186155877777454,1.0373838677709746,0.4901518044080785,4000,0.30966939424396595
rs1000295,0.03289414286337278,0.04795816039040032,1.0334411363313034,0.49278089556727367,4000,0.30734613751274925
rs1000066,-0.03432389282176771,0.05029189577437546,0.9662584897598018,0.4949269407642214,4000,0.305458905237561
rs1000024,-0.0433920148097976,0.06370995609303447,0.9575359482098427,0.4958165223738281,4000,0.30467900508691
rs1000408,0.038310651557120816,0.05645722030109025,1.0390539664796739,0.49740501776829094,4000,0.30328983792798775
rs1000427,0.032420189235462596,0.047789068113502225,1.0329514492091683,0.49751697599739275,4000,0.3031920959107995
rs1000406,0.0316936414075573,0.046776631534310296,1.0322012331443413,0.49805523101842286,4000,0.3027224941950846
rs1000188,-0.030549360794045955,0.04658141427880502,0.9699125552317196,0.5119352815885467,4000,0.29078493868338506
rs1000471,-0.030906528941314307,0.04726918599479936,0.9695661952194191,0.51321428815688,4000,0.2897012611410106
rs1000403,0.03013911175936489,0.04611255071864433,1.0305978922678631,0.5133702624234935,4000,0.2895692919548542
rs1000189,0.03141363463076875,0.048395419090018786,1.031912250264522,0.5162714968876279,4000,0.28712185148991926
rs1000360,0.041793805383646514,0.0645812813854447,1.0426794616922619,0.5175345758433986,4000,0.28606063022586486
rs1000488,-0.029648475551289143,0.04641660022669697,0.9707867288454236,0.522987372030161,4000,0.2815087974115579
rs1000112,-0.03317048452401093,0.05209955360687546,0.9673736232981802,0.5243365456972358,4000,0.28038987136978355
rs1000161,0.030632000406438077,0.048122632093177256,1.0311059874755528,0.524424245020702,4000,0.2803172383486526
rs1000218,0.03093916108233218,0.049230123374858464,1.0314227513337944,0.5297026723144722,4000,0.2759678360723281
rs1000495,-0.03200189718302441,0.05099963671937655,0.968504744646694,0.5303363527459881,4000,0.27544860245738956
rs1000445,-0.03720222355755538,0.059451005300028226,0.9634812770357667,0.5314705790309924,4000,0.2745207720026755
rs1000294,0.03160368364053159,0.050507120214868625,1.0321083828026538,0.531493827855466,4000,0.2745017744969908
rs1000447,-0.03277933835514512,0.05321618267505275,0.9677520817962658,0.5379172181916412,4000,0.269284554164076
rs1000193,-0.03983876596444229,0.06529556965531202,0.9609443636001302,0.5417758975357371,4000,0.26618031971640943
rs1000318,0.028640995486483994,0.047048260251266134,1.0290550927297557,0.5426849877892144,4000,0.2654521920753636
rs1000208,0.027795864576275038,0.04597983624588843,1.0281857738584486,0.545496039867679,4000,0.26320839790764194
rs1000285,0.027718086111265913,0.0463776060445301,1.0281058062571327,0.5500661573526433,4000,0.2595850740597335
rs1000248,-0.03465105869321771,0.05800748495276798,0.9659424146662646,0.550270419626915,4000,0.2594238325242758
rs1000115,0.027953932295913274,0.04682197369893076,1.028348309684582,0.5504900700282237,4000,0.2592505106083844
rs1000073,0.0330318755955344,0.055734610763315,1.0335834848053356,0.5534062998609481,4000,0.25695590124986717
rs1000101,-0.027893866412894562,0.047083001804496566,0.9724915753435246,0.5535558052894318,4000,0.25683859030905404
rs1000358,0.028577526923901597,0.04896656168653622,1.028989782154808,0.5594806437433215,4000,0.252214934088053
rs1000125,0.03031550131827057,0.051970804769237364,1.0307796950090706,0.5596793066913321,4000,0.2520607501879727
rs1000329,-0.03133739143923539,0.054141673104187875,0.9691485354900655,0.562721749919409,4000,0.2497062984812813
rs1000124,-0.030725239298196153,0.05329300924796944,0.9697419834627424,0.5642542002510422,4000,0.24852519939408896
rs1000000,-0.039400630430499455,0.06835890904475984,0.9613654797181966,0.5643591265771086,4000,0.2484444473358506
rs1000394,0.02722593136077014,0.04766673527380983,1.0275999435921384,0.5678826746763861,4000,0.2457413808450132
rs1000251,-0.0335283066217968,0.05890523741063053,0.9670275375612039,0.5692268083786254,4000,0.24471465451758867
rs1000242,-0.02779699220974792,0.048963710413656956,0.9725857892533278,0.5702346163967623,4000,0.24394642214796655
rs1000290,0.030003521984572488,0.053094685959153974,1.0304581632048793,0.5720093999913272,4000,0.2425968342649831
rs1000371,-0.03777522080301131,0.06704588994989155,0.9629293630556726,0.5731466318713985,4000,0.24173425540449925
rs1000260,-0.02868660124190906,0.05097780277270782,0.9717209528908125,0.5736205924687765,4000,0.24137526627500158
rs1000108,0.03926937264061829,0.07003308795854551,1.0400506070980782,0.5749843461183155,4000,0.24034397876598315
rs1000261,-0.027210853469455055,0.04865344733418707,0.9731560265654317,0.5759712955558894,4000,0.2395991597926111
rs1000130,-0.025981726138444305,0.04677103437115528,0.9743528946359685,0.5785466201328151,4000,0.2376616392176003
rs1000162,-0.025312953714762894,0.04576700504566207,0.9750047329242763,0.5802065580059201,4000,0.2364173667265856
rs1000213,0.029664622363884712,0.05429387393177812,1.0301090004931315,0.5848106343610789,4000,0.23298473864536806
rs1000352,-0.03907410021062433,0.0715231750204194,0.9616794458565958,0.5848502260966373,4000,0.232955337862851
rs1000453,0.02506449795211154,0.045984045494873144,1.0253812533826656,0.5857057595341824,4000,0.23232050531877846
rs1000204,-0.02634149962582245,0.04857978983842457,0.9740024113482061,0.5876589341271753,4000,0.23087465692061163
rs1000132,0.030583987057064662,0.05666697257672637,1.0310564818120111,0.5893939352008315,4000,0.22959433730584936
rs1000316,0.024774144130975718,0.046000001312846255,1.0250835732360004,0.590184741362614,4000,0.22901202294124615
rs1000233,0.02543476902782707,0.0472374041428096,1.0257609927012787,0.59026950172962,4000,0.22894965549252294
rs1000159,0.029110698899787745,0.05469744345502643,1.0295385569527977,0.5945783734830425,4000,0.22579089137693933
rs1000336,0.028138894016044712,0.053060054173809705,1.0285385323482488,0.59588895756347,4000,0.22483466242499642
rs1000100,0.03795068712297685,0.07176216537481217,1.0386800113159023,0.5969166056867392,4000,0.22408633925574437
rs1000123,-0.02439244545348914,0.046722925347283256,0.9759026460405319,0.6016244571138072,4000,0.22067451720751544
rs1000005,-0.03930930255184183,0.07607576532907315,0.9614532831974657,0.6053568352884497,4000,0.21798854945867957
rs1000392,0.023884903603320035,0.046309321590853436,1.0241724325500972,0.606015890326697,4000,0.21751598806024378
rs1000241,0.024282692567997578,0.047248721948631306,1.0245799180829436,0.6072986103549334,4000,0.21659771264637237
rs1000456,-0.02398446024814573,0.0470153513039937,0.976300881113457,0.609952654450279,4000,0.21470387434823443
rs1000198,-0.02355360406443763,0.046253422428381194,0.9767216170170686,0.6105914147546136,4000,0.21424930640962933
rs1000466,-0.030708715305305872,0.06153219975741258,0.9697580076047736,0.6177318986543892,4000,0.2091999718339241
rs1000380,-0.023074057826949025,0.04631633152268569,0.9771901125172321,0.6183543203206373,4000,0.20876260053447018
rs1000425,-0.02311721098050635,0.046575624025348865,0.977147944592098,0.6196565826557741,4000,0.20784893240218077
rs1000180,0.03960551289435315,0.08127107556402699,1.040400268737429,0.6260272841202879,4000,0.2034067385393049
rs1000478,-0.035267290363610204,0.07248707055530046,0.9653473537251015,0.6265899156971186,4000,0.20301659890904905
rs1000194,-0.02701623592762763,0.055747331150658774,0.9733454382299548,0.6279463782630841,4000,0.2020774400505672
rs1000185,0.05547234579890825,0.1146238924772832,1.0570397850774524,0.6284206544512387,4000,0.20174954933736874
rs1000095,-0.0227675291023834,0.04711871890240045,0.9774896952690938,0.628957289386338,4000,0.20137884519641777
rs1000307,0.027895824823872747,0.05789533989306423,1.0282885566999935,0.6299253269180347,4000,0.2007109299583951
rs1000033,-0.02629863799898496,0.05470480244047469,0.9740441595707922,0.6307032308689104,4000,0.20017494426441662
rs1000240,0.045459273727816614,0.0958513830150583,1.0465083833607893,0.6353085845292264,4000,0.19701527627423895
rs1000440,0.03079909071222304,0.06524204729820586,1.0312782896849104,0.6368737896948219,4000,0.195946623975284
rs1000312,0.03693417906208498,0.0789433055630792,1.0376247211580567,0.639886846830841,4000,0.19389681686246826
rs1000436,-0.021210606831901884,0.04605251757661554,0.9790127560808138,0.6451040413356157,4000,0.190370237404881
rs1000018,-0.020998727260369592,0.04630317361650809,0.9792202108610357,0.6501850425701157,4000,0.1869630256180845
rs1000144,-0.028002660517587978,0.06278060687275791,0.9723857797483361,0.6555683680805705,4000,0.1833820097987343
rs1000013,-0.020609400228453607,0.046306530959856824,0.9796015219818694,0.6562730305874627,4000,0.18291544262362952
rs1000464,0.022170488141704518,0.05006881289638747,1.0224180797708404,0.6579101462944742,4000,0.18183341585889712
rs1000455,-0.021465057370411343,0.04931254882662191,0.9787636774482614,0.6633549156124019,4000,0.1782540482915213
rs1000485,0.027017405983983,0.06219269166699694,1.0273856852666399,0.6639874826262755,4000,0.17784010779700893
rs1000156,0.02025220103587487,0.0467590781769003,1.0204586683093773,0.6649290060374282,4000,0.17722472151209034
rs1000490,0.023387626292300862,0.05414301848022974,1.0236632614469299,0.6657703776464561,4000,0.17667553196529379
rs1000331,-0.021318287044729396,0.04935989503584191,0.9789073414545147,0.6658177999440128,4000,0.17664459861442247
rs1000372,0.03030344184560401,0.07022012339232886,1.0307672644244668,0.6660690476480661,4000,0.176480747619193
rs1000391,-0.021740531038553276,0.05069970554382178,0.9784940909614847,0.6680616400493616,4000,0.17518346462284778
rs1000028,0.022473716568909955,0.052464493479400576,1.0227281530062495,0.6683886792904298,4000,0.17497091449877447
rs1000052,-0.02021755185596194,0.047239147414299264,0.9799854524603023,0.6686634999595045,4000,0.1747923827950382
rs1000467,0.02003829161235433,0.04702353322144442,1.020240405928935,0.670010744107824,4000,0.17391823301659365
rs1000385,-0.02538680055024621,0.059666544225835255,0.9749327345686266,0.6704882724558059,4000,0.17360881401263925
rs1000388,-0.030431053320875114,0.07161863075430651,0.9700273099233606,0.6709065503129423,4000,0.17333796792308986
rs1000116,-0.02873725432629639,0.06826388972727974,0.971671733473953,0.6737747991909226,4000,0.17148523671642424
rs1000258,0.02055863315909181,0.048890515542837555,1.0207714175415208,0.6741176692571709,4000,0.17126428944580913
rs1000196,0.02771655053144335,0.06606733113650923,1.0281042275198131,0.6748363206589916,4000,0.17080155110175416
rs1000176,0.02373952605025191,0.056815927540242186,1.024023551690163,0.6760697800512824,4000,0.1700084763553965
rs1000117,0.02516179895729672,0.06078443223403188,1.0254810288633665,0.6789097221249092,4000,0.1681879720960193
rs1000070,0.019427020273783655,0.04719275224458123,1.0196169527792724,0.6805940546949742,4000,0.16711184898755502
rs1000397,0.021608071730894667,0.0529674628172884,1.021843216735424,0.6833104489564725,4000,0.1653819381395384
rs1000462,-0.023503799307032808,0.05861671115349443,0.9767702636116621,0.6884389879363814,4000,0.16213454251913523
rs1000476,-0.019796493130188733,0.049869969322834495,0.9803981707694167,0.6913953295184656,4000,0.16027355850956393
rs1000317,0.023112692102227453,0.05853959737269561,1.0233818601024338,0.6929746208413132,4000,0.15928267048257017
rs1000163,0.04672117518361478,0.1188101362323579,1.0478298073913588,0.694140505641911,4000,0.15855261218387137
rs1000011,0.017471166279099618,0.045972102686954515,1.0176246798217403,0.7039168795897003,4000,0.15247862049817332
rs1000085,-0.017633576087248557,0.0467321436301345,0.9825209855904379,0.7059262125825769,4000,0.15124069150194916
rs1000410,0.017999216832301133,0.04825910257060933,1.0181621789977506,0.7091704737140185,4000,0.14924935452912017
rs1000386,-0.024144694255147158,0.0649645067966936,0.9761444570437996,0.710146174687377,4000,0.1486522480047304
rs1000197,0.01832172532622707,0.04947222605249861,1.0184905979047685,0.711126445844354,4000,0.14805317022668735
rs1000348,-0.022266869394532884,0.06054033547852675,0.9779792075036552,0.7130207184179069,4000,0.14689785056350266
rs1000244,0.019171359816262275,0.05214867849326103,1.0193563103620278,0.7131499839520277,4000,0.14681912322991017
rs1000047,-0.019384172034590273,0.05313621183942358,0.9808024929668686,0.7152595536866924,4000,0.1455363326339162
rs1000038,0.016600717058057497,0.046216137418432245,1.0167392746179158,0.7194474108501361,4000,0.14300094601133223
rs1000140,0.016461087556961605,0.045829298914568425,1.0165973177311716,0.7194584791700303,4000,0.14299426467061715
rs1000192,0.01764682693763481,0.049700405695438404,1.0178034521443118,0.7225416140928504,4000,0.14113713507599254
rs1000271,-0.017063520978425492,0.04918079404194646,0.9830812363695373,0.7286251476604206,4000,0.1374958436600102
rs1000202,0.01723629155519569,0.04974540259569799,1.0173856935730425,0.7289743923001308,4000,0.13728772748186285
rs1000379,-0.018091092803033174,0.052244581655053114,0.9820715686316459,0.7291346123806566,4000,0.13719228510146592
rs1000054,0.023520906232020737,0.06829764972957662,1.0237997043170557,0.7305543444242732,4000,0.13634747226119767
rs1000175,-0.015807208290449275,0.046081360910829205,0.9843170699342482,0.7315772125973066,4000,0.13573983052937397
rs1000364,0.017878556715764254,0.05273963640330311,1.0180393348419234,0.7346123016311603,4000,0.13394180334466085
rs1000126,0.017707157381389234,0.05278154306339482,1.017864858530553,0.7372629532195283,4000,0.1323775884440579
rs1000048,-0.01584045577310463,0.04757328110790988,0.9842843444135618,0.7391572403683213,4000,0.13126316463591145
rs1000172,-0.0172158192723113,0.05189057063471249,0.98293152617508,0.7400617069926713,4000,0.13073206690535
rs1000434,-0.01726134937913648,0.05257710027682299,0.9828867742164799,0.7426807121559882,4000,0.1291978548147025
rs1000280,0.017753738224563605,0.05427054669801363,1.0179122726381868,0.7435665760273809,4000,0.12868014038093104
rs1000212,-0.019495268086730067,0.05970711307426061,0.9806935357344423,0.7440347414998791,4000,0.1284067853016627
rs1000137,0.025289568742045444,0.0774590610344758,1.0256120627245942,0.7440540455820452,4000,0.12839551761866394
rs1000433,0.016368965007210093,0.05055399979114201,1.0165036705077684,0.7460957483112618,4000,0.12720543486661245
rs1000016,0.015376880163978255,0.04770829348523966,1.015495712695674,0.747217539138646,4000,0.12655294263752756
rs1000215,-0.015509316633752103,0.04861090166272125,0.9846103334551356,0.749688465977708,4000,0.12511917076088844
rs1000247,-0.018020955300312818,0.056493177770604176,0.9821404510945562,0.7497314579043529,4000,0.125094266254531
rs1000482,-0.01970754845649001,0.0622718700764191,0.9804853758429665,0.7516412864833357,4000,0.12398937279791714
rs1000015,-0.014500558992587015,0.04593350552424197,0.9856040677868607,0.7522409471733755,4000,0.12364303006352939
rs1000345,-0.01751429492634942,0.056588590576471504,0.9826381888241368,0.756939516759301,4000,0.12093882140760073
rs1000231,0.014415558845829646,0.04670321459515353,1.0145199640976794,0.7575778184399411,4000,0.12057274977849224
rs1000387,0.018822496949654217,0.0617990483658955,1.0190007568208197,0.7606892245854444,4000,0.1187927356264404
rs1000420,-0.015994556021398976,0.05281668194780319,0.9841326776379394,0.7620182619080674,4000,0.11803462058839496
rs1000120,-0.01555784592737418,0.051720260507548944,0.9845625521705654,0.7635612349319318,4000,0.11715612831726957
rs1000243,0.019089450908192942,0.0644913393792892,1.0192728194190852,0.7672299102612417,4000,0.1150744746483899
rs1000083,-0.018981074364519575,0.06443285717460057,0.9811979318614771,0.7683094858848744,4000,0.11446380478922767
rs1000061,-0.014483064119398183,0.04924111571936185,0.9856213109558741,0.7686620628869788,4000,0.11426455289121014
rs1000301,-0.014573144387332674,0.050591948135146524,0.985532529922871,0.7733064420698513,4000,0.11164837189393469
rs1000494,0.015308824327203175,0.053495250080908004,1.0154266046368352,0.774746651234633,4000,0.11084029227933855
rs1000178,0.015584606943873968,0.05547136571229132,1.0157066802611183,0.7787497628483913,4000,0.1086020725878632
rs1000167,-0.022552963993034705,0.08027692362358775,0.9776994529549821,0.778756753802794,4000,0.10859817387811413
rs1000278,-0.013985255618338919,0.04985808662249676,0.9861120837685973,0.7790929666111523,4000,0.10841071629761855
rs1000186,-0.020442154321220738,0.07467791214141778,0.9797653700282156,0.7842862610193961,4000,0.105525392813096
rs1000040,-0.014174686343692067,0.052008109875528945,0.9859253015329953,0.785200984377666,4000,0.10501916461263194
rs1000094,-0.012676575750341175,0.046979454604996175,0.9874034335976748,0.7872892484460428,4000,0.10386567942605944
rs1000333,-0.012541046455623971,0.04672570795723076,0.9875372647574481,0.7883936394885723,4000,0.10325688812947659
rs1000305,-0.014127621981032084,0.05281760115968518,0.9859717045708983,0.7891000479933445,4000,0.10286793020396057
rs1000311,-0.012876409112636277,0.04849777465478432,0.9872061371634586,0.7906203402256465,4000,0.102032016790257
rs1000221,0.016721058813094335,0.06373109320322257,1.0168616381692128,0.7930370231354629,4000,0.1007065370605757
rs1000238,-0.012042854663025068,0.046846934425424466,0.988029370288926,0.7971261658024111,4000,0.09847293484560567
rs1000153,0.011947375207251958,0.04758225131149105,1.0120190301730063,0.801745376512583,4000,0.0959635358720658
rs1000268,0.017807900913009593,0.0720537650885506,1.0179674069965743,0.8047941491109405,4000,0.09431518961676284
rs1000121,-0.01138018454931027,0.04675867601999301,0.9886843248095147,0.8077100752896315,4000,0.09274449974167548
rs1000370,-0.011332102445933212,0.04700839590647832,0.9887318639743098,0.8095043516464706,4000,0.09178081227074382
rs1000418,-0.026596984349402567,0.11033778677859345,0.9737536003964284,0.8095159370179804,4000,0.0917745968292786
rs1000431,0.014095937785053,0.0593091011973733,1.0141957539655286,0.8121377897949944,4000,0.09037028077002174
rs1000253,-0.01218569405954801,0.052525857877844515,0.9878882508488748,0.8165425233591155,4000,0.0880211934388449
rs1000443,0.011065504940006821,0.04773599150951345,1.0111269540859127,0.8166884413191762,4000,0.08794359098529843
rs1000080,0.010588475818565852,0.04650959642992063,1.0106447321094472,0.8199088812809193,4000,0.08623440926958278
rs1000134,-0.010954582881037771,0.04869400389775879,0.9891052000638006,0.8220043248553831,4000,0.08512589747711893
rs1000405,0.012484936748520673,0.05565818890496945,1.0125631989316535,0.8225126231887121,4000,0.08485742816323592
rs1000169,0.012922611230620794,0.0594148054339329,1.0130064690022629,0.8278201359085098,4000,0.08206401402175638
rs1000086,-0.02441890948386606,0.1149773467528753,0.9758768200649934,0.8318104479423268,4000,0.0799756289876719
rs1000058,0.03122184063701632,0.14923200442588103,1.0317143546710414,0.8342790074664046,4000,0.07868868420738402
rs1000249,0.01006382724292217,0.04861708535755549,1.0101146378590202,0.8360084035435529,4000,0.07778935701762181
rs1000304,-0.009668264812685522,0.046723619379365554,0.99037832259886,0.8360687682897873,4000,0.07775799952211372
rs1000328,0.00999301585529336,0.04858917492528027,1.0100431127722744,0.8370538348505513,4000,0.07724660959733974
rs1000170,0.009759940035796427,0.047575967136551066,1.0098077235788678,0.8374593603494451,4000,0.07703625892302014
rs1000119,0.009228049941825356,0.047171976397078784,1.0092707596694321,0.8449031591854743,4000,0.0731930660107117
rs1000075,0.0090075975061557,0.0465473376214839,1.009048287995325,0.8465558369909236,4000,0.07234439148617665
rs1000222,-0.011505553663379594,0.05965491398199663,0.9885603821010752,0.8470619566797449,4000,0.07208482289236244
rs1000106,0.015245159385382163,0.07909521175757184,1.01536195961896,0.8471591467042954,4000,0.07203499575785173
rs1000250,-0.009090282002134338,0.04779125189444483,0.9909509097020762,0.8491460840693633,4000,0.0710175888519153
rs1000183,-0.0089244770782242,0.04816216993241162,0.9911152278642619,0.8529932985112623,4000,0.06905438082662946
rs1000291,-0.009155232192933339,0.049664035100158536,0.9908865493415501,0.8537441463248303,4000,0.06867226102934555
rs1000064,0.014415727754827167,0.07820296774142087,1.014520135459244,0.8537488156931551,4000,0.06866988575642492
rs1000050,0.0189216635416869,0.10277978658552538,1.0191018126637514,0.8539357328640621,4000,0.06857481304959431
rs1000452,0.008513446791347797,0.04745617803707907,1.0085497892394386,0.8576268004978469,4000,0.06670165590869398
rs1000321,-0.019698133013367616,0.11235986168304292,0.9804946075907155,0.8608337772819871,4000,0.06508070055386968
rs1000272,-0.01566089511630476,0.0895496424970591,0.9844610990255347,0.861169945228357,4000,0.06491113543150974
rs1000019,-0.009254182871191684,0.053153863798724985,0.9907885052962581,0.8617854659006496,4000,0.06460083460640473
rs1000103,-0.008652074993245058,0.05049924424370902,0.9913852464939358,0.8639636779707952,4000,0.06350451537809595
rs1000335,0.011066390460170385,0.06477729977049711,1.011127849459615,0.8643515598415975,4000,0.06330957992273167
rs1000226,0.007583046585410137,0.04805019224741627,1.007611870695294,0.8746024883578865,4000,0.058189291365090746
rs1000393,0.00727077420174574,0.04711552638686896,1.0072972704576628,0.8773589986616571,4000,0.05682266520240128
rs1000206,-0.0077273954727573434,0.05136928994451037,0.9923023840921111,0.8804267072324741,4000,0.05530679184816814
rs1000359,-0.006810144521431207,0.04669909200620921,0.9932129919620454,0.8840553231227168,4000,0.053520556508277285
rs1000474,-0.008599291297754033,0.05980416501813026,0.9914375768519837,0.885665634025376,4000,0.05273020667446858
rs1000071,-0.006614894168498887,0.04648983263794426,0.9934069360824758,0.8868533935159354,4000,0.05214816782267414
rs1000029,-0.011456522850123252,0.0808444691989422,0.9886088532088418,0.8873085567808467,4000,0.05192533033185783
rs1000428,0.006465402195201407,0.04630610904177938,1.0064863480247133,0.888957793327595,4000,0.051118858332446074
rs1000297,-0.015126581402073146,0.11030094537523978,0.9849872506443668,0.8909207824236623,4000,0.05016091020078965
rs1000164,-0.006521177894339547,0.04859137604348251,0.9935000388418032,0.8932409234670485,4000,0.04903138812099182
rs1000225,-0.00816969812064968,0.061770461941480434,0.9918635831686761,0.8947794536788569,4000,0.04828399692268527
rs1000279,0.008123729951296134,0.06171265177893931,1.0081568169814685,0.895270628727973,4000,0.04804566323478486
rs1000141,-0.008397719120412477,0.06517326230628882,0.9916374432261214,0.8974745893192073,4000,0.04697783898883913
rs1000417,0.006322635053040535,0.049346229068439176,1.006342665102026,0.8980476551811272,4000,0.046700616747998636
rs1000415,0.006558913522975458,0.052127672686169496,1.0065804703001844,0.8998712247469396,4000,0.04581963543097063
rs1000319,0.006336270517477317,0.05122269597907306,1.0063563871452001,0.9015524557414666,4000,0.045008999306192905
rs1000432,0.005630119632406209,0.046757206215486166,1.0056459985420105,0.904156939807872,4000,0.04375617994841088
rs1000168,-0.005916363015311953,0.04932021808168055,0.9941011041959215,0.9045162855543187,4000,0.04358360938713729
rs1000283,0.007137984546259354,0.06026693437219598,1.0071635206806364,0.9057194430532993,4000,0.043006309169986955
rs1000275,0.007064451793390801,0.061814709938361974,1.0070894638972048,0.9090124157040106,4000,0.04143018494644081
rs1000499,0.00499741303731675,0.04723672857636771,1.0050099209328764,0.9157449478878814,4000,0.03822546863444388
rs1000214,0.005748867235611641,0.05473956147035508,1.005765423684595,0.9163582211574017,4000,0.037934719498369844
rs1000209,0.006216086463846132,0.060725313754462454,1.0062354464229142,0.9184677515301013,4000,0.03693608767433586
rs1000021,-0.0051290838830167764,0.05183723452059639,0.994884047407633,0.9211811932087027,4000,0.03565493715272364
rs1000182,-0.004492911272503971,0.04568178093081266,0.995517166754471,0.9216524970417778,4000,0.035432795936671556
rs1000219,-0.0122305435047141,0.12566575639527386,0.9878439456024785,0.9224675210173569,4000,0.0350489158911294
rs1000461,-0.004381411947300053,0.04534599667144088,0.9956281724352073,0.9230267413891637,4000,0.03478571666691691
rs1000246,0.007743586398557194,0.0853668796164225,1.0077736455020412,0.9277234271337564,4000,0.032581476337253584
rs1000099,-0.004421886346752555,0.04957239948707029,0.9955878757983465,0.9289225114890706,4000,0.03202051231022071
rs1000051,0.004498747451105307,0.050935861706142456,1.0045088820073236,0.9296209055793246,4000,0.03169411830609673
rs1000063,-0.0063458383414583455,0.07241097501839235,0.993674253967356,0.9301656576032306,4000,0.0314396989985939
rs1000263,0.003675266190319958,0.04732976946494643,1.0036820282627057,0.9381046262398576,4000,0.027748722319583134
rs1000059,0.004253729787464803,0.05505543627757511,1.0042627897376555,0.9384145902685814,4000,0.02760524852266881
rs1000199,0.004607280746355366,0.06483639927203118,1.0046179105829038,0.9433499267540416,4000,0.02532717993635916
rs1000042,-0.004133036435735849,0.06218999538727366,0.9958754928047538,0.9470130192282752,4000,0.02364405041580529
rs1000390,0.00302896681652482,0.04721508281159566,1.0030335587716352,0.9488487784326947,4000,0.022802997188468913
rs1000332,-0.0036722007428587056,0.05772853228949645,0.9963345335405538,0.9492795441147439,4000,0.022605877573639178
rs1000277,-0.0030509913528526302,0.050054722468327956,0.9969536581914897,0.951396546835346,4000,0.021638429217437184
rs1000322,0.002657921887610095,0.046578628277775355,1.0026614572935741,0.9544949139469352,4000,0.020226381414542433
rs1000354,-0.0026800674860018507,0.04737241702491355,0.9973235206886304,0.9548842038988044,4000,0.020049290884202386
rs1000496,0.0026182987171071955,0.046564618434371194,1.0026217294547717,0.9551590918496446,4000,0.01992428605181813
rs1000416,0.004141697547295798,0.07552734045854084,1.0041502862297305,0.9562682725936565,4000,0.01942025316039013
rs1000350,0.004086742365491537,0.07719796364006068,1.0040951044844673,0.9577809298044407,4000,0.018733814362894428
rs1000143,-0.0031160785640712034,0.05995180527446387,0.996888771369838,0.9585475040104663,4000,0.018386359344715553
rs1000089,0.0024939696459617485,0.048249284106547045,1.0024970821752393,0.9587762974743674,4000,0.01828271097894397
rs1000155,0.0030296730958372818,0.060244437175905614,1.0030342671937378,0.9598915524463923,4000,0.017777830329763867
rs1000049,0.0021880566504224757,0.04699866107243356,1.002190452193251,0.9628673215948713,4000,0.01643355240715093
rs1000173,0.002359697011398223,0.05447455667462852,1.002362483287549,0.9654485086066813,4000,0.015270884001949479
rs1000035,-0.002090910369622047,0.05200747656923667,0.9979112740607169,0.9679304613600742,4000,0.014155842415165203
rs1000413,-0.0018799327117674795,0.04920537009927815,0.9981218332549268,0.9695235611730321,4000,0.013441632316993163
rs1000210,0.0022150227436130263,0.05819424705041547,1.0022174777187642,0.9696377925429043,4000,0.013390465812918535
rs1000382,0.0017361316751434695,0.051557818825152736,1.00173763962428,0.9731375192277074,4000,0.011825782936577583
rs1000177,0.0016258499488571465,0.05183023330726821,1.0016271723594685,0.9749754578784913,4000,0.011006316242070888
rs1000091,0.001818555226638877,0.06087990165183022,1.0018202098010214,0.976169781106151,4000,0.010474640750365583
rs1000292,-0.0012659929710383195,0.04740947922985519,0.9987348080599942,0.9786963234432761,4000,0.009352043142570637
rs1000337,-0.0009921822091174186,0.04646919628841517,0.9990083098409027,0.982965345134208,4000,0.007461793136619128
rs1000098,0.0012604247872021342,0.06379033866706782,1.0012612194563628,0.9842357312307933,4000,0.006900872593255933
rs1000339,0.0008698988983844542,0.048019342124933535,1.0008702773701672,0.9855466379079169,4000,0.00632281927210184
rs1000135,0.0029115756577631716,0.17572384345395461,1.0029158184108682,0.9867804224575161,4000,0.005779475419647191
rs1000239,0.000853244311869386,0.05760504621599067,1.00085360842835,0.9881821886283061,4000,0.005162978265013369
rs1000090,-0.0006015857219345648,0.04694378257332564,0.9993985951944752,0.9897753696940085,4000,0.004463357697091543
rs1000201,-0.00038043036612007486,0.05134029602578982,0.9996196419883361,0.9940877485848587,4000,0.0025752785360749855
rs1000060,0.00042610644179088414,0.07796562060552861,1.0004261972380366,0.9956393336447669,4000,0.0018979545228223395
